lp,measurement
1,devices/0d2fa025-787e-406b-baf3-08e502346a8a/assigned_to_batch
2,devices/0d2fa025-787e-406b-baf3-08e502346a8a/assigned_to_pnid
3,devices/0d2fa025-787e-406b-baf3-08e502346a8a/assigned_to_process
4,devices/0d2fa025-787e-406b-baf3-08e502346a8a/assigned_to_system
5,devices/0d2fa025-787e-406b-baf3-08e502346a8a/diagnostics/CoreBoard/Text/Actual
6,devices/0d2fa025-787e-406b-baf3-08e502346a8a/metadata
7,devices/0d2fa025-787e-406b-baf3-08e502346a8a/mtp/objects/Sensor5/VAHEn/OSLevel/Actual
8,devices/0d2fa025-787e-406b-baf3-08e502346a8a/mtp/objects/Sensor5/VAHEn/TagDescription/Actual
9,devices/0d2fa025-787e-406b-baf3-08e502346a8a/mtp/objects/Sensor5/VAHEn/TagName/Actual
10,devices/0d2fa025-787e-406b-baf3-08e502346a8a/mtp/objects/Sensor5/VAHEn/VFbk/Actual
11,devices/0d2fa025-787e-406b-baf3-08e502346a8a/mtp/objects/Sensor5/VAHEn/VMan/Actual
12,devices/0d2fa025-787e-406b-baf3-08e502346a8a/mtp/objects/Sensor5/VAHEn/VOut/Actual
13,devices/0d2fa025-787e-406b-baf3-08e502346a8a/mtp/objects/Sensor5/VAHEn/VRbk/Actual
14,devices/0d2fa025-787e-406b-baf3-08e502346a8a/mtp/objects/Sensor5/VAHEn/VState0/Actual
15,devices/0d2fa025-787e-406b-baf3-08e502346a8a/mtp/objects/Sensor5/VAHEn/VState1/Actual
16,devices/0d2fa025-787e-406b-baf3-08e502346a8a/mtp/objects/Sensor5/VALEn/OSLevel/Actual
17,devices/0d2fa025-787e-406b-baf3-08e502346a8a/mtp/objects/Sensor5/VALEn/TagDescription/Actual
18,devices/0d2fa025-787e-406b-baf3-08e502346a8a/mtp/objects/Sensor5/VALEn/TagName/Actual
19,devices/0d2fa025-787e-406b-baf3-08e502346a8a/mtp/objects/Sensor5/VALEn/VFbk/Actual
20,devices/0d2fa025-787e-406b-baf3-08e502346a8a/mtp/objects/Sensor5/VALEn/VMan/Actual
21,devices/0d2fa025-787e-406b-baf3-08e502346a8a/mtp/objects/Sensor5/VALEn/VOut/Actual
22,devices/0d2fa025-787e-406b-baf3-08e502346a8a/mtp/objects/Sensor5/VALEn/VRbk/Actual
23,devices/0d2fa025-787e-406b-baf3-08e502346a8a/mtp/objects/Sensor5/VALEn/VState0/Actual
24,devices/0d2fa025-787e-406b-baf3-08e502346a8a/mtp/objects/Sensor5/VALEn/VState1/Actual
25,devices/0d2fa025-787e-406b-baf3-08e502346a8a/mtp/objects/Sensor5/measurementFirstProbe/OSLevel/Actual
26,devices/0d2fa025-787e-406b-baf3-08e502346a8a/mtp/objects/Sensor5/measurementFirstProbe/TagDescription/Actual
27,devices/0d2fa025-787e-406b-baf3-08e502346a8a/mtp/objects/Sensor5/measurementFirstProbe/TagName/Actual
28,devices/0d2fa025-787e-406b-baf3-08e502346a8a/mtp/objects/Sensor5/measurementFirstProbe/V/Actual
29,devices/0d2fa025-787e-406b-baf3-08e502346a8a/mtp/objects/Sensor5/measurementFirstProbe/VAHAct/Actual
30,devices/0d2fa025-787e-406b-baf3-08e502346a8a/mtp/objects/Sensor5/measurementFirstProbe/VAHEn/Actual
31,devices/0d2fa025-787e-406b-baf3-08e502346a8a/mtp/objects/Sensor5/measurementFirstProbe/VAHLim/Actual
32,devices/0d2fa025-787e-406b-baf3-08e502346a8a/mtp/objects/Sensor5/measurementFirstProbe/VALAct/Actual
33,devices/0d2fa025-787e-406b-baf3-08e502346a8a/mtp/objects/Sensor5/measurementFirstProbe/VALEn/Actual
34,devices/0d2fa025-787e-406b-baf3-08e502346a8a/mtp/objects/Sensor5/measurementFirstProbe/VALLim/Actual
35,devices/0d2fa025-787e-406b-baf3-08e502346a8a/mtp/objects/Sensor5/measurementFirstProbe/VSclMax/Actual
36,devices/0d2fa025-787e-406b-baf3-08e502346a8a/mtp/objects/Sensor5/measurementFirstProbe/VSclMin/Actual
37,devices/0d2fa025-787e-406b-baf3-08e502346a8a/mtp/objects/Sensor5/measurementFirstProbe/VTHAct/Actual
38,devices/0d2fa025-787e-406b-baf3-08e502346a8a/mtp/objects/Sensor5/measurementFirstProbe/VTHEn/Actual
39,devices/0d2fa025-787e-406b-baf3-08e502346a8a/mtp/objects/Sensor5/measurementFirstProbe/VTHLim/Actual
40,devices/0d2fa025-787e-406b-baf3-08e502346a8a/mtp/objects/Sensor5/measurementFirstProbe/VTLAct/Actual
41,devices/0d2fa025-787e-406b-baf3-08e502346a8a/mtp/objects/Sensor5/measurementFirstProbe/VTLEn/Actual
42,devices/0d2fa025-787e-406b-baf3-08e502346a8a/mtp/objects/Sensor5/measurementFirstProbe/VTLLim/Actual
43,devices/0d2fa025-787e-406b-baf3-08e502346a8a/mtp/objects/Sensor5/measurementFirstProbe/VUnit/Actual
44,devices/0d2fa025-787e-406b-baf3-08e502346a8a/mtp/objects/Sensor5/measurementFirstProbe/VWHAct/Actual
45,devices/0d2fa025-787e-406b-baf3-08e502346a8a/mtp/objects/Sensor5/measurementFirstProbe/VWHEn/Actual
46,devices/0d2fa025-787e-406b-baf3-08e502346a8a/mtp/objects/Sensor5/measurementFirstProbe/VWHLim/Actual
47,devices/0d2fa025-787e-406b-baf3-08e502346a8a/mtp/objects/Sensor5/measurementFirstProbe/VWLAct/Actual
48,devices/0d2fa025-787e-406b-baf3-08e502346a8a/mtp/objects/Sensor5/measurementFirstProbe/VWLEn/Actual
49,devices/0d2fa025-787e-406b-baf3-08e502346a8a/mtp/objects/Sensor5/measurementFirstProbe/VWLLim/Actual
50,devices/0d2fa025-787e-406b-baf3-08e502346a8a/mtp/objects/Sensor5/measurementFirstProbe/WQC/Actual
51,devices/0d2fa025-787e-406b-baf3-08e502346a8a/mtp/objects/Sensor5/metadata/TagDescription/Actual
52,devices/0d2fa025-787e-406b-baf3-08e502346a8a/mtp/objects/Sensor5/metadata/TagName/Actual
53,devices/0d2fa025-787e-406b-baf3-08e502346a8a/mtp/objects/Sensor5/metadata/Text/Actual
54,devices/0d2fa025-787e-406b-baf3-08e502346a8a/mtp/objects/Sensor5/metadata/WQC/Actual
55,devices/0d2fa025-787e-406b-baf3-08e502346a8a/mtp/objects/Sensor5/serialNumber/TagDescription/Actual
56,devices/0d2fa025-787e-406b-baf3-08e502346a8a/mtp/objects/Sensor5/serialNumber/TagName/Actual
57,devices/0d2fa025-787e-406b-baf3-08e502346a8a/mtp/objects/Sensor5/serialNumber/Text/Actual
58,devices/0d2fa025-787e-406b-baf3-08e502346a8a/mtp/objects/Sensor5/serialNumber/WQC/Actual
59,devices/0d2fa025-787e-406b-baf3-08e502346a8a/status/connection_status
60,devices/0d2fa025-787e-406b-baf3-08e502346a8a/status/uptime
61,devices/185f554f-b1db-4a60-a733-fe05d4f2a428/assigned_to_batch
62,devices/185f554f-b1db-4a60-a733-fe05d4f2a428/assigned_to_pnid
63,devices/185f554f-b1db-4a60-a733-fe05d4f2a428/assigned_to_process
64,devices/185f554f-b1db-4a60-a733-fe05d4f2a428/assigned_to_system
65,devices/185f554f-b1db-4a60-a733-fe05d4f2a428/diagnostics/CoreBoard/Text/Actual
66,devices/185f554f-b1db-4a60-a733-fe05d4f2a428/metadata
67,devices/185f554f-b1db-4a60-a733-fe05d4f2a428/mtp/objects/CoolingStyle/faultCode/TagDescription/Actual
68,devices/185f554f-b1db-4a60-a733-fe05d4f2a428/mtp/objects/CoolingStyle/faultCode/TagName/Actual
69,devices/185f554f-b1db-4a60-a733-fe05d4f2a428/mtp/objects/CoolingStyle/faultCode/V/Actual
70,devices/185f554f-b1db-4a60-a733-fe05d4f2a428/mtp/objects/CoolingStyle/faultCode/VSclMax/Actual
71,devices/185f554f-b1db-4a60-a733-fe05d4f2a428/mtp/objects/CoolingStyle/faultCode/VSclMin/Actual
72,devices/185f554f-b1db-4a60-a733-fe05d4f2a428/mtp/objects/CoolingStyle/faultCode/VUnit/Actual
73,devices/185f554f-b1db-4a60-a733-fe05d4f2a428/mtp/objects/CoolingStyle/faultCode/WQC/Actual
74,devices/185f554f-b1db-4a60-a733-fe05d4f2a428/mtp/objects/CoolingStyle/flow/TagDescription/Actual
75,devices/185f554f-b1db-4a60-a733-fe05d4f2a428/mtp/objects/CoolingStyle/flow/TagName/Actual
76,devices/185f554f-b1db-4a60-a733-fe05d4f2a428/mtp/objects/CoolingStyle/flow/V/Actual
77,devices/185f554f-b1db-4a60-a733-fe05d4f2a428/mtp/objects/CoolingStyle/flow/VSclMax/Actual
78,devices/185f554f-b1db-4a60-a733-fe05d4f2a428/mtp/objects/CoolingStyle/flow/VSclMin/Actual
79,devices/185f554f-b1db-4a60-a733-fe05d4f2a428/mtp/objects/CoolingStyle/flow/VUnit/Actual
80,devices/185f554f-b1db-4a60-a733-fe05d4f2a428/mtp/objects/CoolingStyle/flow/WQC/Actual
81,devices/185f554f-b1db-4a60-a733-fe05d4f2a428/mtp/objects/CoolingStyle/metadata/TagDescription/Actual
82,devices/185f554f-b1db-4a60-a733-fe05d4f2a428/mtp/objects/CoolingStyle/metadata/TagName/Actual
83,devices/185f554f-b1db-4a60-a733-fe05d4f2a428/mtp/objects/CoolingStyle/metadata/Text/Actual
84,devices/185f554f-b1db-4a60-a733-fe05d4f2a428/mtp/objects/CoolingStyle/metadata/WQC/Actual
85,devices/185f554f-b1db-4a60-a733-fe05d4f2a428/mtp/objects/CoolingStyle/powerToggle/OSLevel/Actual
86,devices/185f554f-b1db-4a60-a733-fe05d4f2a428/mtp/objects/CoolingStyle/powerToggle/SrcChannel/Actual
87,devices/185f554f-b1db-4a60-a733-fe05d4f2a428/mtp/objects/CoolingStyle/powerToggle/SrcIntAct/Actual
88,devices/185f554f-b1db-4a60-a733-fe05d4f2a428/mtp/objects/CoolingStyle/powerToggle/SrcIntAut/Actual
89,devices/185f554f-b1db-4a60-a733-fe05d4f2a428/mtp/objects/CoolingStyle/powerToggle/SrcIntOp/Actual
90,devices/185f554f-b1db-4a60-a733-fe05d4f2a428/mtp/objects/CoolingStyle/powerToggle/SrcManAct/Actual
91,devices/185f554f-b1db-4a60-a733-fe05d4f2a428/mtp/objects/CoolingStyle/powerToggle/SrcManAut/Actual
92,devices/185f554f-b1db-4a60-a733-fe05d4f2a428/mtp/objects/CoolingStyle/powerToggle/SrcManOp/Actual
93,devices/185f554f-b1db-4a60-a733-fe05d4f2a428/mtp/objects/CoolingStyle/powerToggle/TagDescription/Actual
94,devices/185f554f-b1db-4a60-a733-fe05d4f2a428/mtp/objects/CoolingStyle/powerToggle/TagName/Actual
95,devices/185f554f-b1db-4a60-a733-fe05d4f2a428/mtp/objects/CoolingStyle/powerToggle/VFbk/Actual
96,devices/185f554f-b1db-4a60-a733-fe05d4f2a428/mtp/objects/CoolingStyle/powerToggle/VInt/Actual
97,devices/185f554f-b1db-4a60-a733-fe05d4f2a428/mtp/objects/CoolingStyle/powerToggle/VMan/Actual
98,devices/185f554f-b1db-4a60-a733-fe05d4f2a428/mtp/objects/CoolingStyle/powerToggle/VMan/Setpoint
99,devices/185f554f-b1db-4a60-a733-fe05d4f2a428/mtp/objects/CoolingStyle/powerToggle/VOut/Actual
100,devices/185f554f-b1db-4a60-a733-fe05d4f2a428/mtp/objects/CoolingStyle/powerToggle/VRbk/Actual
101,devices/185f554f-b1db-4a60-a733-fe05d4f2a428/mtp/objects/CoolingStyle/powerToggle/VState0/Actual
102,devices/185f554f-b1db-4a60-a733-fe05d4f2a428/mtp/objects/CoolingStyle/powerToggle/VState1/Actual
103,devices/185f554f-b1db-4a60-a733-fe05d4f2a428/mtp/objects/CoolingStyle/powerToggle/WQC/Actual
104,devices/185f554f-b1db-4a60-a733-fe05d4f2a428/mtp/objects/CoolingStyle/status/TagDescription/Actual
105,devices/185f554f-b1db-4a60-a733-fe05d4f2a428/mtp/objects/CoolingStyle/status/TagName/Actual
106,devices/185f554f-b1db-4a60-a733-fe05d4f2a428/mtp/objects/CoolingStyle/status/Text/Actual
107,devices/185f554f-b1db-4a60-a733-fe05d4f2a428/mtp/objects/CoolingStyle/status/WQC/Actual
108,devices/185f554f-b1db-4a60-a733-fe05d4f2a428/mtp/objects/CoolingStyle/temperature/OSLevel/Actual
109,devices/185f554f-b1db-4a60-a733-fe05d4f2a428/mtp/objects/CoolingStyle/temperature/SrcChannel/Actual
110,devices/185f554f-b1db-4a60-a733-fe05d4f2a428/mtp/objects/CoolingStyle/temperature/SrcIntAct/Actual
111,devices/185f554f-b1db-4a60-a733-fe05d4f2a428/mtp/objects/CoolingStyle/temperature/SrcIntAut/Actual
112,devices/185f554f-b1db-4a60-a733-fe05d4f2a428/mtp/objects/CoolingStyle/temperature/SrcIntOp/Actual
113,devices/185f554f-b1db-4a60-a733-fe05d4f2a428/mtp/objects/CoolingStyle/temperature/SrcManAct/Actual
114,devices/185f554f-b1db-4a60-a733-fe05d4f2a428/mtp/objects/CoolingStyle/temperature/SrcManAut/Actual
115,devices/185f554f-b1db-4a60-a733-fe05d4f2a428/mtp/objects/CoolingStyle/temperature/SrcManOp/Actual
116,devices/185f554f-b1db-4a60-a733-fe05d4f2a428/mtp/objects/CoolingStyle/temperature/TagDescription/Actual
117,devices/185f554f-b1db-4a60-a733-fe05d4f2a428/mtp/objects/CoolingStyle/temperature/TagName/Actual
118,devices/185f554f-b1db-4a60-a733-fe05d4f2a428/mtp/objects/CoolingStyle/temperature/VFbk/Actual
119,devices/185f554f-b1db-4a60-a733-fe05d4f2a428/mtp/objects/CoolingStyle/temperature/VInt/Actual
120,devices/185f554f-b1db-4a60-a733-fe05d4f2a428/mtp/objects/CoolingStyle/temperature/VMan/Actual
121,devices/185f554f-b1db-4a60-a733-fe05d4f2a428/mtp/objects/CoolingStyle/temperature/VMan/Setpoint
122,devices/185f554f-b1db-4a60-a733-fe05d4f2a428/mtp/objects/CoolingStyle/temperature/VMax/Actual
123,devices/185f554f-b1db-4a60-a733-fe05d4f2a428/mtp/objects/CoolingStyle/temperature/VMin/Actual
124,devices/185f554f-b1db-4a60-a733-fe05d4f2a428/mtp/objects/CoolingStyle/temperature/VOut/Actual
125,devices/185f554f-b1db-4a60-a733-fe05d4f2a428/mtp/objects/CoolingStyle/temperature/VRbk/Actual
126,devices/185f554f-b1db-4a60-a733-fe05d4f2a428/mtp/objects/CoolingStyle/temperature/VSclMax/Actual
127,devices/185f554f-b1db-4a60-a733-fe05d4f2a428/mtp/objects/CoolingStyle/temperature/VSclMin/Actual
128,devices/185f554f-b1db-4a60-a733-fe05d4f2a428/mtp/objects/CoolingStyle/temperature/VUnit/Actual
129,devices/185f554f-b1db-4a60-a733-fe05d4f2a428/mtp/objects/CoolingStyle/temperature/WQC/Actual
130,devices/185f554f-b1db-4a60-a733-fe05d4f2a428/status/connection_status
131,devices/185f554f-b1db-4a60-a733-fe05d4f2a428/status/uptime
132,devices/23c5c821-2349-470f-8050-e9c028495916/assigned_to_batch
133,devices/23c5c821-2349-470f-8050-e9c028495916/assigned_to_pnid
134,devices/23c5c821-2349-470f-8050-e9c028495916/assigned_to_process
135,devices/23c5c821-2349-470f-8050-e9c028495916/assigned_to_system
136,devices/23c5c821-2349-470f-8050-e9c028495916/diagnostics/CoreBoard/Text/Actual
137,devices/23c5c821-2349-470f-8050-e9c028495916/metadata
138,devices/23c5c821-2349-470f-8050-e9c028495916/mtp/objects/Sensor2/VAHEnFirstProbe/OSLevel/Actual
139,devices/23c5c821-2349-470f-8050-e9c028495916/mtp/objects/Sensor2/VAHEnFirstProbe/TagDescription/Actual
140,devices/23c5c821-2349-470f-8050-e9c028495916/mtp/objects/Sensor2/VAHEnFirstProbe/TagName/Actual
141,devices/23c5c821-2349-470f-8050-e9c028495916/mtp/objects/Sensor2/VAHEnFirstProbe/VFbk/Actual
142,devices/23c5c821-2349-470f-8050-e9c028495916/mtp/objects/Sensor2/VAHEnFirstProbe/VMan/Actual
143,devices/23c5c821-2349-470f-8050-e9c028495916/mtp/objects/Sensor2/VAHEnFirstProbe/VOut/Actual
144,devices/23c5c821-2349-470f-8050-e9c028495916/mtp/objects/Sensor2/VAHEnFirstProbe/VRbk/Actual
145,devices/23c5c821-2349-470f-8050-e9c028495916/mtp/objects/Sensor2/VAHEnFirstProbe/VState0/Actual
146,devices/23c5c821-2349-470f-8050-e9c028495916/mtp/objects/Sensor2/VAHEnFirstProbe/VState1/Actual
147,devices/23c5c821-2349-470f-8050-e9c028495916/mtp/objects/Sensor2/VAHEnSecondProbe/OSLevel/Actual
148,devices/23c5c821-2349-470f-8050-e9c028495916/mtp/objects/Sensor2/VAHEnSecondProbe/TagDescription/Actual
149,devices/23c5c821-2349-470f-8050-e9c028495916/mtp/objects/Sensor2/VAHEnSecondProbe/TagName/Actual
150,devices/23c5c821-2349-470f-8050-e9c028495916/mtp/objects/Sensor2/VAHEnSecondProbe/VFbk/Actual
151,devices/23c5c821-2349-470f-8050-e9c028495916/mtp/objects/Sensor2/VAHEnSecondProbe/VMan/Actual
152,devices/23c5c821-2349-470f-8050-e9c028495916/mtp/objects/Sensor2/VAHEnSecondProbe/VOut/Actual
153,devices/23c5c821-2349-470f-8050-e9c028495916/mtp/objects/Sensor2/VAHEnSecondProbe/VRbk/Actual
154,devices/23c5c821-2349-470f-8050-e9c028495916/mtp/objects/Sensor2/VAHEnSecondProbe/VState0/Actual
155,devices/23c5c821-2349-470f-8050-e9c028495916/mtp/objects/Sensor2/VAHEnSecondProbe/VState1/Actual
156,devices/23c5c821-2349-470f-8050-e9c028495916/mtp/objects/Sensor2/VAHEnThirdProbe/OSLevel/Actual
157,devices/23c5c821-2349-470f-8050-e9c028495916/mtp/objects/Sensor2/VAHEnThirdProbe/TagDescription/Actual
158,devices/23c5c821-2349-470f-8050-e9c028495916/mtp/objects/Sensor2/VAHEnThirdProbe/TagName/Actual
159,devices/23c5c821-2349-470f-8050-e9c028495916/mtp/objects/Sensor2/VAHEnThirdProbe/VFbk/Actual
160,devices/23c5c821-2349-470f-8050-e9c028495916/mtp/objects/Sensor2/VAHEnThirdProbe/VMan/Actual
161,devices/23c5c821-2349-470f-8050-e9c028495916/mtp/objects/Sensor2/VAHEnThirdProbe/VOut/Actual
162,devices/23c5c821-2349-470f-8050-e9c028495916/mtp/objects/Sensor2/VAHEnThirdProbe/VRbk/Actual
163,devices/23c5c821-2349-470f-8050-e9c028495916/mtp/objects/Sensor2/VAHEnThirdProbe/VState0/Actual
164,devices/23c5c821-2349-470f-8050-e9c028495916/mtp/objects/Sensor2/VAHEnThirdProbe/VState1/Actual
165,devices/23c5c821-2349-470f-8050-e9c028495916/mtp/objects/Sensor2/VALEnFirstProbe/OSLevel/Actual
166,devices/23c5c821-2349-470f-8050-e9c028495916/mtp/objects/Sensor2/VALEnFirstProbe/TagDescription/Actual
167,devices/23c5c821-2349-470f-8050-e9c028495916/mtp/objects/Sensor2/VALEnFirstProbe/TagName/Actual
168,devices/23c5c821-2349-470f-8050-e9c028495916/mtp/objects/Sensor2/VALEnFirstProbe/VFbk/Actual
169,devices/23c5c821-2349-470f-8050-e9c028495916/mtp/objects/Sensor2/VALEnFirstProbe/VMan/Actual
170,devices/23c5c821-2349-470f-8050-e9c028495916/mtp/objects/Sensor2/VALEnFirstProbe/VOut/Actual
171,devices/23c5c821-2349-470f-8050-e9c028495916/mtp/objects/Sensor2/VALEnFirstProbe/VRbk/Actual
172,devices/23c5c821-2349-470f-8050-e9c028495916/mtp/objects/Sensor2/VALEnFirstProbe/VState0/Actual
173,devices/23c5c821-2349-470f-8050-e9c028495916/mtp/objects/Sensor2/VALEnFirstProbe/VState1/Actual
174,devices/23c5c821-2349-470f-8050-e9c028495916/mtp/objects/Sensor2/VALEnSecondProbe/OSLevel/Actual
175,devices/23c5c821-2349-470f-8050-e9c028495916/mtp/objects/Sensor2/VALEnSecondProbe/TagDescription/Actual
176,devices/23c5c821-2349-470f-8050-e9c028495916/mtp/objects/Sensor2/VALEnSecondProbe/TagName/Actual
177,devices/23c5c821-2349-470f-8050-e9c028495916/mtp/objects/Sensor2/VALEnSecondProbe/VFbk/Actual
178,devices/23c5c821-2349-470f-8050-e9c028495916/mtp/objects/Sensor2/VALEnSecondProbe/VMan/Actual
179,devices/23c5c821-2349-470f-8050-e9c028495916/mtp/objects/Sensor2/VALEnSecondProbe/VOut/Actual
180,devices/23c5c821-2349-470f-8050-e9c028495916/mtp/objects/Sensor2/VALEnSecondProbe/VRbk/Actual
181,devices/23c5c821-2349-470f-8050-e9c028495916/mtp/objects/Sensor2/VALEnSecondProbe/VState0/Actual
182,devices/23c5c821-2349-470f-8050-e9c028495916/mtp/objects/Sensor2/VALEnSecondProbe/VState1/Actual
183,devices/23c5c821-2349-470f-8050-e9c028495916/mtp/objects/Sensor2/VALEnThirdProbe/OSLevel/Actual
184,devices/23c5c821-2349-470f-8050-e9c028495916/mtp/objects/Sensor2/VALEnThirdProbe/TagDescription/Actual
185,devices/23c5c821-2349-470f-8050-e9c028495916/mtp/objects/Sensor2/VALEnThirdProbe/TagName/Actual
186,devices/23c5c821-2349-470f-8050-e9c028495916/mtp/objects/Sensor2/VALEnThirdProbe/VFbk/Actual
187,devices/23c5c821-2349-470f-8050-e9c028495916/mtp/objects/Sensor2/VALEnThirdProbe/VMan/Actual
188,devices/23c5c821-2349-470f-8050-e9c028495916/mtp/objects/Sensor2/VALEnThirdProbe/VOut/Actual
189,devices/23c5c821-2349-470f-8050-e9c028495916/mtp/objects/Sensor2/VALEnThirdProbe/VRbk/Actual
190,devices/23c5c821-2349-470f-8050-e9c028495916/mtp/objects/Sensor2/VALEnThirdProbe/VState0/Actual
191,devices/23c5c821-2349-470f-8050-e9c028495916/mtp/objects/Sensor2/VALEnThirdProbe/VState1/Actual
192,devices/23c5c821-2349-470f-8050-e9c028495916/mtp/objects/Sensor2/measurementFirstProbe/OSLevel/Actual
193,devices/23c5c821-2349-470f-8050-e9c028495916/mtp/objects/Sensor2/measurementFirstProbe/TagDescription/Actual
194,devices/23c5c821-2349-470f-8050-e9c028495916/mtp/objects/Sensor2/measurementFirstProbe/TagName/Actual
195,devices/23c5c821-2349-470f-8050-e9c028495916/mtp/objects/Sensor2/measurementFirstProbe/V/Actual
196,devices/23c5c821-2349-470f-8050-e9c028495916/mtp/objects/Sensor2/measurementFirstProbe/VAHAct/Actual
197,devices/23c5c821-2349-470f-8050-e9c028495916/mtp/objects/Sensor2/measurementFirstProbe/VAHEn/Actual
198,devices/23c5c821-2349-470f-8050-e9c028495916/mtp/objects/Sensor2/measurementFirstProbe/VAHLim/Actual
199,devices/23c5c821-2349-470f-8050-e9c028495916/mtp/objects/Sensor2/measurementFirstProbe/VALAct/Actual
200,devices/23c5c821-2349-470f-8050-e9c028495916/mtp/objects/Sensor2/measurementFirstProbe/VALEn/Actual
201,devices/23c5c821-2349-470f-8050-e9c028495916/mtp/objects/Sensor2/measurementFirstProbe/VALLim/Actual
202,devices/23c5c821-2349-470f-8050-e9c028495916/mtp/objects/Sensor2/measurementFirstProbe/VSclMax/Actual
203,devices/23c5c821-2349-470f-8050-e9c028495916/mtp/objects/Sensor2/measurementFirstProbe/VSclMin/Actual
204,devices/23c5c821-2349-470f-8050-e9c028495916/mtp/objects/Sensor2/measurementFirstProbe/VTHAct/Actual
205,devices/23c5c821-2349-470f-8050-e9c028495916/mtp/objects/Sensor2/measurementFirstProbe/VTHEn/Actual
206,devices/23c5c821-2349-470f-8050-e9c028495916/mtp/objects/Sensor2/measurementFirstProbe/VTHLim/Actual
207,devices/23c5c821-2349-470f-8050-e9c028495916/mtp/objects/Sensor2/measurementFirstProbe/VTLAct/Actual
208,devices/23c5c821-2349-470f-8050-e9c028495916/mtp/objects/Sensor2/measurementFirstProbe/VTLEn/Actual
209,devices/23c5c821-2349-470f-8050-e9c028495916/mtp/objects/Sensor2/measurementFirstProbe/VTLLim/Actual
210,devices/23c5c821-2349-470f-8050-e9c028495916/mtp/objects/Sensor2/measurementFirstProbe/VUnit/Actual
211,devices/23c5c821-2349-470f-8050-e9c028495916/mtp/objects/Sensor2/measurementFirstProbe/VWHAct/Actual
212,devices/23c5c821-2349-470f-8050-e9c028495916/mtp/objects/Sensor2/measurementFirstProbe/VWHEn/Actual
213,devices/23c5c821-2349-470f-8050-e9c028495916/mtp/objects/Sensor2/measurementFirstProbe/VWHLim/Actual
214,devices/23c5c821-2349-470f-8050-e9c028495916/mtp/objects/Sensor2/measurementFirstProbe/VWLAct/Actual
215,devices/23c5c821-2349-470f-8050-e9c028495916/mtp/objects/Sensor2/measurementFirstProbe/VWLEn/Actual
216,devices/23c5c821-2349-470f-8050-e9c028495916/mtp/objects/Sensor2/measurementFirstProbe/VWLLim/Actual
217,devices/23c5c821-2349-470f-8050-e9c028495916/mtp/objects/Sensor2/measurementFirstProbe/WQC/Actual
218,devices/23c5c821-2349-470f-8050-e9c028495916/mtp/objects/Sensor2/measurementSecondProbe/OSLevel/Actual
219,devices/23c5c821-2349-470f-8050-e9c028495916/mtp/objects/Sensor2/measurementSecondProbe/TagDescription/Actual
220,devices/23c5c821-2349-470f-8050-e9c028495916/mtp/objects/Sensor2/measurementSecondProbe/TagName/Actual
221,devices/23c5c821-2349-470f-8050-e9c028495916/mtp/objects/Sensor2/measurementSecondProbe/V/Actual
222,devices/23c5c821-2349-470f-8050-e9c028495916/mtp/objects/Sensor2/measurementSecondProbe/VAHAct/Actual
223,devices/23c5c821-2349-470f-8050-e9c028495916/mtp/objects/Sensor2/measurementSecondProbe/VAHEn/Actual
224,devices/23c5c821-2349-470f-8050-e9c028495916/mtp/objects/Sensor2/measurementSecondProbe/VAHLim/Actual
225,devices/23c5c821-2349-470f-8050-e9c028495916/mtp/objects/Sensor2/measurementSecondProbe/VALAct/Actual
226,devices/23c5c821-2349-470f-8050-e9c028495916/mtp/objects/Sensor2/measurementSecondProbe/VALEn/Actual
227,devices/23c5c821-2349-470f-8050-e9c028495916/mtp/objects/Sensor2/measurementSecondProbe/VALLim/Actual
228,devices/23c5c821-2349-470f-8050-e9c028495916/mtp/objects/Sensor2/measurementSecondProbe/VSclMax/Actual
229,devices/23c5c821-2349-470f-8050-e9c028495916/mtp/objects/Sensor2/measurementSecondProbe/VSclMin/Actual
230,devices/23c5c821-2349-470f-8050-e9c028495916/mtp/objects/Sensor2/measurementSecondProbe/VTHAct/Actual
231,devices/23c5c821-2349-470f-8050-e9c028495916/mtp/objects/Sensor2/measurementSecondProbe/VTHEn/Actual
232,devices/23c5c821-2349-470f-8050-e9c028495916/mtp/objects/Sensor2/measurementSecondProbe/VTHLim/Actual
233,devices/23c5c821-2349-470f-8050-e9c028495916/mtp/objects/Sensor2/measurementSecondProbe/VTLAct/Actual
234,devices/23c5c821-2349-470f-8050-e9c028495916/mtp/objects/Sensor2/measurementSecondProbe/VTLEn/Actual
235,devices/23c5c821-2349-470f-8050-e9c028495916/mtp/objects/Sensor2/measurementSecondProbe/VTLLim/Actual
236,devices/23c5c821-2349-470f-8050-e9c028495916/mtp/objects/Sensor2/measurementSecondProbe/VUnit/Actual
237,devices/23c5c821-2349-470f-8050-e9c028495916/mtp/objects/Sensor2/measurementSecondProbe/VWHAct/Actual
238,devices/23c5c821-2349-470f-8050-e9c028495916/mtp/objects/Sensor2/measurementSecondProbe/VWHEn/Actual
239,devices/23c5c821-2349-470f-8050-e9c028495916/mtp/objects/Sensor2/measurementSecondProbe/VWHLim/Actual
240,devices/23c5c821-2349-470f-8050-e9c028495916/mtp/objects/Sensor2/measurementSecondProbe/VWLAct/Actual
241,devices/23c5c821-2349-470f-8050-e9c028495916/mtp/objects/Sensor2/measurementSecondProbe/VWLEn/Actual
242,devices/23c5c821-2349-470f-8050-e9c028495916/mtp/objects/Sensor2/measurementSecondProbe/VWLLim/Actual
243,devices/23c5c821-2349-470f-8050-e9c028495916/mtp/objects/Sensor2/measurementSecondProbe/WQC/Actual
244,devices/23c5c821-2349-470f-8050-e9c028495916/mtp/objects/Sensor2/measurementThirdProbe/OSLevel/Actual
245,devices/23c5c821-2349-470f-8050-e9c028495916/mtp/objects/Sensor2/measurementThirdProbe/TagDescription/Actual
246,devices/23c5c821-2349-470f-8050-e9c028495916/mtp/objects/Sensor2/measurementThirdProbe/TagName/Actual
247,devices/23c5c821-2349-470f-8050-e9c028495916/mtp/objects/Sensor2/measurementThirdProbe/V/Actual
248,devices/23c5c821-2349-470f-8050-e9c028495916/mtp/objects/Sensor2/measurementThirdProbe/VAHAct/Actual
249,devices/23c5c821-2349-470f-8050-e9c028495916/mtp/objects/Sensor2/measurementThirdProbe/VAHEn/Actual
250,devices/23c5c821-2349-470f-8050-e9c028495916/mtp/objects/Sensor2/measurementThirdProbe/VAHLim/Actual
251,devices/23c5c821-2349-470f-8050-e9c028495916/mtp/objects/Sensor2/measurementThirdProbe/VALAct/Actual
252,devices/23c5c821-2349-470f-8050-e9c028495916/mtp/objects/Sensor2/measurementThirdProbe/VALEn/Actual
253,devices/23c5c821-2349-470f-8050-e9c028495916/mtp/objects/Sensor2/measurementThirdProbe/VALLim/Actual
254,devices/23c5c821-2349-470f-8050-e9c028495916/mtp/objects/Sensor2/measurementThirdProbe/VSclMax/Actual
255,devices/23c5c821-2349-470f-8050-e9c028495916/mtp/objects/Sensor2/measurementThirdProbe/VSclMin/Actual
256,devices/23c5c821-2349-470f-8050-e9c028495916/mtp/objects/Sensor2/measurementThirdProbe/VTHAct/Actual
257,devices/23c5c821-2349-470f-8050-e9c028495916/mtp/objects/Sensor2/measurementThirdProbe/VTHEn/Actual
258,devices/23c5c821-2349-470f-8050-e9c028495916/mtp/objects/Sensor2/measurementThirdProbe/VTHLim/Actual
259,devices/23c5c821-2349-470f-8050-e9c028495916/mtp/objects/Sensor2/measurementThirdProbe/VTLAct/Actual
260,devices/23c5c821-2349-470f-8050-e9c028495916/mtp/objects/Sensor2/measurementThirdProbe/VTLEn/Actual
261,devices/23c5c821-2349-470f-8050-e9c028495916/mtp/objects/Sensor2/measurementThirdProbe/VTLLim/Actual
262,devices/23c5c821-2349-470f-8050-e9c028495916/mtp/objects/Sensor2/measurementThirdProbe/VUnit/Actual
263,devices/23c5c821-2349-470f-8050-e9c028495916/mtp/objects/Sensor2/measurementThirdProbe/VWHAct/Actual
264,devices/23c5c821-2349-470f-8050-e9c028495916/mtp/objects/Sensor2/measurementThirdProbe/VWHEn/Actual
265,devices/23c5c821-2349-470f-8050-e9c028495916/mtp/objects/Sensor2/measurementThirdProbe/VWHLim/Actual
266,devices/23c5c821-2349-470f-8050-e9c028495916/mtp/objects/Sensor2/measurementThirdProbe/VWLAct/Actual
267,devices/23c5c821-2349-470f-8050-e9c028495916/mtp/objects/Sensor2/measurementThirdProbe/VWLEn/Actual
268,devices/23c5c821-2349-470f-8050-e9c028495916/mtp/objects/Sensor2/measurementThirdProbe/VWLLim/Actual
269,devices/23c5c821-2349-470f-8050-e9c028495916/mtp/objects/Sensor2/measurementThirdProbe/WQC/Actual
270,devices/23c5c821-2349-470f-8050-e9c028495916/mtp/objects/Sensor2/metadata/TagDescription/Actual
271,devices/23c5c821-2349-470f-8050-e9c028495916/mtp/objects/Sensor2/metadata/TagName/Actual
272,devices/23c5c821-2349-470f-8050-e9c028495916/mtp/objects/Sensor2/metadata/Text/Actual
273,devices/23c5c821-2349-470f-8050-e9c028495916/mtp/objects/Sensor2/metadata/WQC/Actual
274,devices/23c5c821-2349-470f-8050-e9c028495916/mtp/objects/Sensor2/qualityIndicator/TagDescription/Actual
275,devices/23c5c821-2349-470f-8050-e9c028495916/mtp/objects/Sensor2/qualityIndicator/TagName/Actual
276,devices/23c5c821-2349-470f-8050-e9c028495916/mtp/objects/Sensor2/qualityIndicator/V/Actual
277,devices/23c5c821-2349-470f-8050-e9c028495916/mtp/objects/Sensor2/qualityIndicator/VSclMax/Actual
278,devices/23c5c821-2349-470f-8050-e9c028495916/mtp/objects/Sensor2/qualityIndicator/VSclMin/Actual
279,devices/23c5c821-2349-470f-8050-e9c028495916/mtp/objects/Sensor2/qualityIndicator/VUnit/Actual
280,devices/23c5c821-2349-470f-8050-e9c028495916/mtp/objects/Sensor2/qualityIndicator/WQC/Actual
281,devices/23c5c821-2349-470f-8050-e9c028495916/mtp/objects/Sensor2/serialNumber/TagDescription/Actual
282,devices/23c5c821-2349-470f-8050-e9c028495916/mtp/objects/Sensor2/serialNumber/TagName/Actual
283,devices/23c5c821-2349-470f-8050-e9c028495916/mtp/objects/Sensor2/serialNumber/Text/Actual
284,devices/23c5c821-2349-470f-8050-e9c028495916/mtp/objects/Sensor2/serialNumber/WQC/Actual
285,devices/23c5c821-2349-470f-8050-e9c028495916/status/connection_status
286,devices/23c5c821-2349-470f-8050-e9c028495916/status/uptime
287,devices/2757a0c4-af81-4273-87fb-2b0d87c5da34/assigned_to_batch
288,devices/2757a0c4-af81-4273-87fb-2b0d87c5da34/assigned_to_pnid
289,devices/2757a0c4-af81-4273-87fb-2b0d87c5da34/assigned_to_process
290,devices/2757a0c4-af81-4273-87fb-2b0d87c5da34/assigned_to_system
291,devices/2757a0c4-af81-4273-87fb-2b0d87c5da34/diagnostics/CoreBoard/Text/Actual
292,devices/2757a0c4-af81-4273-87fb-2b0d87c5da34/metadata
293,devices/2757a0c4-af81-4273-87fb-2b0d87c5da34/mtp/objects/Sensor1/VAHEnFirstProbe/OSLevel/Actual
294,devices/2757a0c4-af81-4273-87fb-2b0d87c5da34/mtp/objects/Sensor1/VAHEnFirstProbe/TagDescription/Actual
295,devices/2757a0c4-af81-4273-87fb-2b0d87c5da34/mtp/objects/Sensor1/VAHEnFirstProbe/TagName/Actual
296,devices/2757a0c4-af81-4273-87fb-2b0d87c5da34/mtp/objects/Sensor1/VAHEnFirstProbe/VFbk/Actual
297,devices/2757a0c4-af81-4273-87fb-2b0d87c5da34/mtp/objects/Sensor1/VAHEnFirstProbe/VMan/Actual
298,devices/2757a0c4-af81-4273-87fb-2b0d87c5da34/mtp/objects/Sensor1/VAHEnFirstProbe/VOut/Actual
299,devices/2757a0c4-af81-4273-87fb-2b0d87c5da34/mtp/objects/Sensor1/VAHEnFirstProbe/VRbk/Actual
300,devices/2757a0c4-af81-4273-87fb-2b0d87c5da34/mtp/objects/Sensor1/VAHEnFirstProbe/VState0/Actual
301,devices/2757a0c4-af81-4273-87fb-2b0d87c5da34/mtp/objects/Sensor1/VAHEnFirstProbe/VState1/Actual
302,devices/2757a0c4-af81-4273-87fb-2b0d87c5da34/mtp/objects/Sensor1/VAHEnSecondProbe/OSLevel/Actual
303,devices/2757a0c4-af81-4273-87fb-2b0d87c5da34/mtp/objects/Sensor1/VAHEnSecondProbe/TagDescription/Actual
304,devices/2757a0c4-af81-4273-87fb-2b0d87c5da34/mtp/objects/Sensor1/VAHEnSecondProbe/TagName/Actual
305,devices/2757a0c4-af81-4273-87fb-2b0d87c5da34/mtp/objects/Sensor1/VAHEnSecondProbe/VFbk/Actual
306,devices/2757a0c4-af81-4273-87fb-2b0d87c5da34/mtp/objects/Sensor1/VAHEnSecondProbe/VMan/Actual
307,devices/2757a0c4-af81-4273-87fb-2b0d87c5da34/mtp/objects/Sensor1/VAHEnSecondProbe/VOut/Actual
308,devices/2757a0c4-af81-4273-87fb-2b0d87c5da34/mtp/objects/Sensor1/VAHEnSecondProbe/VRbk/Actual
309,devices/2757a0c4-af81-4273-87fb-2b0d87c5da34/mtp/objects/Sensor1/VAHEnSecondProbe/VState0/Actual
310,devices/2757a0c4-af81-4273-87fb-2b0d87c5da34/mtp/objects/Sensor1/VAHEnSecondProbe/VState1/Actual
311,devices/2757a0c4-af81-4273-87fb-2b0d87c5da34/mtp/objects/Sensor1/VAHEnThirdProbe/OSLevel/Actual
312,devices/2757a0c4-af81-4273-87fb-2b0d87c5da34/mtp/objects/Sensor1/VAHEnThirdProbe/TagDescription/Actual
313,devices/2757a0c4-af81-4273-87fb-2b0d87c5da34/mtp/objects/Sensor1/VAHEnThirdProbe/TagName/Actual
314,devices/2757a0c4-af81-4273-87fb-2b0d87c5da34/mtp/objects/Sensor1/VAHEnThirdProbe/VFbk/Actual
315,devices/2757a0c4-af81-4273-87fb-2b0d87c5da34/mtp/objects/Sensor1/VAHEnThirdProbe/VMan/Actual
316,devices/2757a0c4-af81-4273-87fb-2b0d87c5da34/mtp/objects/Sensor1/VAHEnThirdProbe/VOut/Actual
317,devices/2757a0c4-af81-4273-87fb-2b0d87c5da34/mtp/objects/Sensor1/VAHEnThirdProbe/VRbk/Actual
318,devices/2757a0c4-af81-4273-87fb-2b0d87c5da34/mtp/objects/Sensor1/VAHEnThirdProbe/VState0/Actual
319,devices/2757a0c4-af81-4273-87fb-2b0d87c5da34/mtp/objects/Sensor1/VAHEnThirdProbe/VState1/Actual
320,devices/2757a0c4-af81-4273-87fb-2b0d87c5da34/mtp/objects/Sensor1/VALEnFirstProbe/OSLevel/Actual
321,devices/2757a0c4-af81-4273-87fb-2b0d87c5da34/mtp/objects/Sensor1/VALEnFirstProbe/TagDescription/Actual
322,devices/2757a0c4-af81-4273-87fb-2b0d87c5da34/mtp/objects/Sensor1/VALEnFirstProbe/TagName/Actual
323,devices/2757a0c4-af81-4273-87fb-2b0d87c5da34/mtp/objects/Sensor1/VALEnFirstProbe/VFbk/Actual
324,devices/2757a0c4-af81-4273-87fb-2b0d87c5da34/mtp/objects/Sensor1/VALEnFirstProbe/VMan/Actual
325,devices/2757a0c4-af81-4273-87fb-2b0d87c5da34/mtp/objects/Sensor1/VALEnFirstProbe/VOut/Actual
326,devices/2757a0c4-af81-4273-87fb-2b0d87c5da34/mtp/objects/Sensor1/VALEnFirstProbe/VRbk/Actual
327,devices/2757a0c4-af81-4273-87fb-2b0d87c5da34/mtp/objects/Sensor1/VALEnFirstProbe/VState0/Actual
328,devices/2757a0c4-af81-4273-87fb-2b0d87c5da34/mtp/objects/Sensor1/VALEnFirstProbe/VState1/Actual
329,devices/2757a0c4-af81-4273-87fb-2b0d87c5da34/mtp/objects/Sensor1/VALEnSecondProbe/OSLevel/Actual
330,devices/2757a0c4-af81-4273-87fb-2b0d87c5da34/mtp/objects/Sensor1/VALEnSecondProbe/TagDescription/Actual
331,devices/2757a0c4-af81-4273-87fb-2b0d87c5da34/mtp/objects/Sensor1/VALEnSecondProbe/TagName/Actual
332,devices/2757a0c4-af81-4273-87fb-2b0d87c5da34/mtp/objects/Sensor1/VALEnSecondProbe/VFbk/Actual
333,devices/2757a0c4-af81-4273-87fb-2b0d87c5da34/mtp/objects/Sensor1/VALEnSecondProbe/VMan/Actual
334,devices/2757a0c4-af81-4273-87fb-2b0d87c5da34/mtp/objects/Sensor1/VALEnSecondProbe/VOut/Actual
335,devices/2757a0c4-af81-4273-87fb-2b0d87c5da34/mtp/objects/Sensor1/VALEnSecondProbe/VRbk/Actual
336,devices/2757a0c4-af81-4273-87fb-2b0d87c5da34/mtp/objects/Sensor1/VALEnSecondProbe/VState0/Actual
337,devices/2757a0c4-af81-4273-87fb-2b0d87c5da34/mtp/objects/Sensor1/VALEnSecondProbe/VState1/Actual
338,devices/2757a0c4-af81-4273-87fb-2b0d87c5da34/mtp/objects/Sensor1/VALEnThirdProbe/OSLevel/Actual
339,devices/2757a0c4-af81-4273-87fb-2b0d87c5da34/mtp/objects/Sensor1/VALEnThirdProbe/TagDescription/Actual
340,devices/2757a0c4-af81-4273-87fb-2b0d87c5da34/mtp/objects/Sensor1/VALEnThirdProbe/TagName/Actual
341,devices/2757a0c4-af81-4273-87fb-2b0d87c5da34/mtp/objects/Sensor1/VALEnThirdProbe/VFbk/Actual
342,devices/2757a0c4-af81-4273-87fb-2b0d87c5da34/mtp/objects/Sensor1/VALEnThirdProbe/VMan/Actual
343,devices/2757a0c4-af81-4273-87fb-2b0d87c5da34/mtp/objects/Sensor1/VALEnThirdProbe/VOut/Actual
344,devices/2757a0c4-af81-4273-87fb-2b0d87c5da34/mtp/objects/Sensor1/VALEnThirdProbe/VRbk/Actual
345,devices/2757a0c4-af81-4273-87fb-2b0d87c5da34/mtp/objects/Sensor1/VALEnThirdProbe/VState0/Actual
346,devices/2757a0c4-af81-4273-87fb-2b0d87c5da34/mtp/objects/Sensor1/VALEnThirdProbe/VState1/Actual
347,devices/2757a0c4-af81-4273-87fb-2b0d87c5da34/mtp/objects/Sensor1/measurementFirstProbe/OSLevel/Actual
348,devices/2757a0c4-af81-4273-87fb-2b0d87c5da34/mtp/objects/Sensor1/measurementFirstProbe/TagDescription/Actual
349,devices/2757a0c4-af81-4273-87fb-2b0d87c5da34/mtp/objects/Sensor1/measurementFirstProbe/TagName/Actual
350,devices/2757a0c4-af81-4273-87fb-2b0d87c5da34/mtp/objects/Sensor1/measurementFirstProbe/V/Actual
351,devices/2757a0c4-af81-4273-87fb-2b0d87c5da34/mtp/objects/Sensor1/measurementFirstProbe/VAHAct/Actual
352,devices/2757a0c4-af81-4273-87fb-2b0d87c5da34/mtp/objects/Sensor1/measurementFirstProbe/VAHEn/Actual
353,devices/2757a0c4-af81-4273-87fb-2b0d87c5da34/mtp/objects/Sensor1/measurementFirstProbe/VAHLim/Actual
354,devices/2757a0c4-af81-4273-87fb-2b0d87c5da34/mtp/objects/Sensor1/measurementFirstProbe/VALAct/Actual
355,devices/2757a0c4-af81-4273-87fb-2b0d87c5da34/mtp/objects/Sensor1/measurementFirstProbe/VALEn/Actual
356,devices/2757a0c4-af81-4273-87fb-2b0d87c5da34/mtp/objects/Sensor1/measurementFirstProbe/VALLim/Actual
357,devices/2757a0c4-af81-4273-87fb-2b0d87c5da34/mtp/objects/Sensor1/measurementFirstProbe/VSclMax/Actual
358,devices/2757a0c4-af81-4273-87fb-2b0d87c5da34/mtp/objects/Sensor1/measurementFirstProbe/VSclMin/Actual
359,devices/2757a0c4-af81-4273-87fb-2b0d87c5da34/mtp/objects/Sensor1/measurementFirstProbe/VTHAct/Actual
360,devices/2757a0c4-af81-4273-87fb-2b0d87c5da34/mtp/objects/Sensor1/measurementFirstProbe/VTHEn/Actual
361,devices/2757a0c4-af81-4273-87fb-2b0d87c5da34/mtp/objects/Sensor1/measurementFirstProbe/VTHLim/Actual
362,devices/2757a0c4-af81-4273-87fb-2b0d87c5da34/mtp/objects/Sensor1/measurementFirstProbe/VTLAct/Actual
363,devices/2757a0c4-af81-4273-87fb-2b0d87c5da34/mtp/objects/Sensor1/measurementFirstProbe/VTLEn/Actual
364,devices/2757a0c4-af81-4273-87fb-2b0d87c5da34/mtp/objects/Sensor1/measurementFirstProbe/VTLLim/Actual
365,devices/2757a0c4-af81-4273-87fb-2b0d87c5da34/mtp/objects/Sensor1/measurementFirstProbe/VUnit/Actual
366,devices/2757a0c4-af81-4273-87fb-2b0d87c5da34/mtp/objects/Sensor1/measurementFirstProbe/VWHAct/Actual
367,devices/2757a0c4-af81-4273-87fb-2b0d87c5da34/mtp/objects/Sensor1/measurementFirstProbe/VWHEn/Actual
368,devices/2757a0c4-af81-4273-87fb-2b0d87c5da34/mtp/objects/Sensor1/measurementFirstProbe/VWHLim/Actual
369,devices/2757a0c4-af81-4273-87fb-2b0d87c5da34/mtp/objects/Sensor1/measurementFirstProbe/VWLAct/Actual
370,devices/2757a0c4-af81-4273-87fb-2b0d87c5da34/mtp/objects/Sensor1/measurementFirstProbe/VWLEn/Actual
371,devices/2757a0c4-af81-4273-87fb-2b0d87c5da34/mtp/objects/Sensor1/measurementFirstProbe/VWLLim/Actual
372,devices/2757a0c4-af81-4273-87fb-2b0d87c5da34/mtp/objects/Sensor1/measurementFirstProbe/WQC/Actual
373,devices/2757a0c4-af81-4273-87fb-2b0d87c5da34/mtp/objects/Sensor1/measurementSecondProbe/OSLevel/Actual
374,devices/2757a0c4-af81-4273-87fb-2b0d87c5da34/mtp/objects/Sensor1/measurementSecondProbe/TagDescription/Actual
375,devices/2757a0c4-af81-4273-87fb-2b0d87c5da34/mtp/objects/Sensor1/measurementSecondProbe/TagName/Actual
376,devices/2757a0c4-af81-4273-87fb-2b0d87c5da34/mtp/objects/Sensor1/measurementSecondProbe/V/Actual
377,devices/2757a0c4-af81-4273-87fb-2b0d87c5da34/mtp/objects/Sensor1/measurementSecondProbe/VAHAct/Actual
378,devices/2757a0c4-af81-4273-87fb-2b0d87c5da34/mtp/objects/Sensor1/measurementSecondProbe/VAHEn/Actual
379,devices/2757a0c4-af81-4273-87fb-2b0d87c5da34/mtp/objects/Sensor1/measurementSecondProbe/VAHLim/Actual
380,devices/2757a0c4-af81-4273-87fb-2b0d87c5da34/mtp/objects/Sensor1/measurementSecondProbe/VALAct/Actual
381,devices/2757a0c4-af81-4273-87fb-2b0d87c5da34/mtp/objects/Sensor1/measurementSecondProbe/VALEn/Actual
382,devices/2757a0c4-af81-4273-87fb-2b0d87c5da34/mtp/objects/Sensor1/measurementSecondProbe/VALLim/Actual
383,devices/2757a0c4-af81-4273-87fb-2b0d87c5da34/mtp/objects/Sensor1/measurementSecondProbe/VSclMax/Actual
384,devices/2757a0c4-af81-4273-87fb-2b0d87c5da34/mtp/objects/Sensor1/measurementSecondProbe/VSclMin/Actual
385,devices/2757a0c4-af81-4273-87fb-2b0d87c5da34/mtp/objects/Sensor1/measurementSecondProbe/VTHAct/Actual
386,devices/2757a0c4-af81-4273-87fb-2b0d87c5da34/mtp/objects/Sensor1/measurementSecondProbe/VTHEn/Actual
387,devices/2757a0c4-af81-4273-87fb-2b0d87c5da34/mtp/objects/Sensor1/measurementSecondProbe/VTHLim/Actual
388,devices/2757a0c4-af81-4273-87fb-2b0d87c5da34/mtp/objects/Sensor1/measurementSecondProbe/VTLAct/Actual
389,devices/2757a0c4-af81-4273-87fb-2b0d87c5da34/mtp/objects/Sensor1/measurementSecondProbe/VTLEn/Actual
390,devices/2757a0c4-af81-4273-87fb-2b0d87c5da34/mtp/objects/Sensor1/measurementSecondProbe/VTLLim/Actual
391,devices/2757a0c4-af81-4273-87fb-2b0d87c5da34/mtp/objects/Sensor1/measurementSecondProbe/VUnit/Actual
392,devices/2757a0c4-af81-4273-87fb-2b0d87c5da34/mtp/objects/Sensor1/measurementSecondProbe/VWHAct/Actual
393,devices/2757a0c4-af81-4273-87fb-2b0d87c5da34/mtp/objects/Sensor1/measurementSecondProbe/VWHEn/Actual
394,devices/2757a0c4-af81-4273-87fb-2b0d87c5da34/mtp/objects/Sensor1/measurementSecondProbe/VWHLim/Actual
395,devices/2757a0c4-af81-4273-87fb-2b0d87c5da34/mtp/objects/Sensor1/measurementSecondProbe/VWLAct/Actual
396,devices/2757a0c4-af81-4273-87fb-2b0d87c5da34/mtp/objects/Sensor1/measurementSecondProbe/VWLEn/Actual
397,devices/2757a0c4-af81-4273-87fb-2b0d87c5da34/mtp/objects/Sensor1/measurementSecondProbe/VWLLim/Actual
398,devices/2757a0c4-af81-4273-87fb-2b0d87c5da34/mtp/objects/Sensor1/measurementSecondProbe/WQC/Actual
399,devices/2757a0c4-af81-4273-87fb-2b0d87c5da34/mtp/objects/Sensor1/measurementThirdProbe/OSLevel/Actual
400,devices/2757a0c4-af81-4273-87fb-2b0d87c5da34/mtp/objects/Sensor1/measurementThirdProbe/TagDescription/Actual
401,devices/2757a0c4-af81-4273-87fb-2b0d87c5da34/mtp/objects/Sensor1/measurementThirdProbe/TagName/Actual
402,devices/2757a0c4-af81-4273-87fb-2b0d87c5da34/mtp/objects/Sensor1/measurementThirdProbe/V/Actual
403,devices/2757a0c4-af81-4273-87fb-2b0d87c5da34/mtp/objects/Sensor1/measurementThirdProbe/VAHAct/Actual
404,devices/2757a0c4-af81-4273-87fb-2b0d87c5da34/mtp/objects/Sensor1/measurementThirdProbe/VAHEn/Actual
405,devices/2757a0c4-af81-4273-87fb-2b0d87c5da34/mtp/objects/Sensor1/measurementThirdProbe/VAHLim/Actual
406,devices/2757a0c4-af81-4273-87fb-2b0d87c5da34/mtp/objects/Sensor1/measurementThirdProbe/VALAct/Actual
407,devices/2757a0c4-af81-4273-87fb-2b0d87c5da34/mtp/objects/Sensor1/measurementThirdProbe/VALEn/Actual
408,devices/2757a0c4-af81-4273-87fb-2b0d87c5da34/mtp/objects/Sensor1/measurementThirdProbe/VALLim/Actual
409,devices/2757a0c4-af81-4273-87fb-2b0d87c5da34/mtp/objects/Sensor1/measurementThirdProbe/VSclMax/Actual
410,devices/2757a0c4-af81-4273-87fb-2b0d87c5da34/mtp/objects/Sensor1/measurementThirdProbe/VSclMin/Actual
411,devices/2757a0c4-af81-4273-87fb-2b0d87c5da34/mtp/objects/Sensor1/measurementThirdProbe/VTHAct/Actual
412,devices/2757a0c4-af81-4273-87fb-2b0d87c5da34/mtp/objects/Sensor1/measurementThirdProbe/VTHEn/Actual
413,devices/2757a0c4-af81-4273-87fb-2b0d87c5da34/mtp/objects/Sensor1/measurementThirdProbe/VTHLim/Actual
414,devices/2757a0c4-af81-4273-87fb-2b0d87c5da34/mtp/objects/Sensor1/measurementThirdProbe/VTLAct/Actual
415,devices/2757a0c4-af81-4273-87fb-2b0d87c5da34/mtp/objects/Sensor1/measurementThirdProbe/VTLEn/Actual
416,devices/2757a0c4-af81-4273-87fb-2b0d87c5da34/mtp/objects/Sensor1/measurementThirdProbe/VTLLim/Actual
417,devices/2757a0c4-af81-4273-87fb-2b0d87c5da34/mtp/objects/Sensor1/measurementThirdProbe/VUnit/Actual
418,devices/2757a0c4-af81-4273-87fb-2b0d87c5da34/mtp/objects/Sensor1/measurementThirdProbe/VWHAct/Actual
419,devices/2757a0c4-af81-4273-87fb-2b0d87c5da34/mtp/objects/Sensor1/measurementThirdProbe/VWHEn/Actual
420,devices/2757a0c4-af81-4273-87fb-2b0d87c5da34/mtp/objects/Sensor1/measurementThirdProbe/VWHLim/Actual
421,devices/2757a0c4-af81-4273-87fb-2b0d87c5da34/mtp/objects/Sensor1/measurementThirdProbe/VWLAct/Actual
422,devices/2757a0c4-af81-4273-87fb-2b0d87c5da34/mtp/objects/Sensor1/measurementThirdProbe/VWLEn/Actual
423,devices/2757a0c4-af81-4273-87fb-2b0d87c5da34/mtp/objects/Sensor1/measurementThirdProbe/VWLLim/Actual
424,devices/2757a0c4-af81-4273-87fb-2b0d87c5da34/mtp/objects/Sensor1/measurementThirdProbe/WQC/Actual
425,devices/2757a0c4-af81-4273-87fb-2b0d87c5da34/mtp/objects/Sensor1/metadata/TagDescription/Actual
426,devices/2757a0c4-af81-4273-87fb-2b0d87c5da34/mtp/objects/Sensor1/metadata/TagName/Actual
427,devices/2757a0c4-af81-4273-87fb-2b0d87c5da34/mtp/objects/Sensor1/metadata/Text/Actual
428,devices/2757a0c4-af81-4273-87fb-2b0d87c5da34/mtp/objects/Sensor1/metadata/WQC/Actual
429,devices/2757a0c4-af81-4273-87fb-2b0d87c5da34/mtp/objects/Sensor1/moduleIdentificationTrigger/OSLevel/Actual
430,devices/2757a0c4-af81-4273-87fb-2b0d87c5da34/mtp/objects/Sensor1/moduleIdentificationTrigger/TagDescription/Actual
431,devices/2757a0c4-af81-4273-87fb-2b0d87c5da34/mtp/objects/Sensor1/moduleIdentificationTrigger/TagName/Actual
432,devices/2757a0c4-af81-4273-87fb-2b0d87c5da34/mtp/objects/Sensor1/moduleIdentificationTrigger/VFbk/Actual
433,devices/2757a0c4-af81-4273-87fb-2b0d87c5da34/mtp/objects/Sensor1/moduleIdentificationTrigger/VMan/Actual
434,devices/2757a0c4-af81-4273-87fb-2b0d87c5da34/mtp/objects/Sensor1/moduleIdentificationTrigger/VOut/Actual
435,devices/2757a0c4-af81-4273-87fb-2b0d87c5da34/mtp/objects/Sensor1/moduleIdentificationTrigger/VRbk/Actual
436,devices/2757a0c4-af81-4273-87fb-2b0d87c5da34/mtp/objects/Sensor1/moduleIdentificationTrigger/VState0/Actual
437,devices/2757a0c4-af81-4273-87fb-2b0d87c5da34/mtp/objects/Sensor1/moduleIdentificationTrigger/VState1/Actual
438,devices/2757a0c4-af81-4273-87fb-2b0d87c5da34/mtp/objects/Sensor1/qualityIndicator/TagDescription/Actual
439,devices/2757a0c4-af81-4273-87fb-2b0d87c5da34/mtp/objects/Sensor1/qualityIndicator/TagName/Actual
440,devices/2757a0c4-af81-4273-87fb-2b0d87c5da34/mtp/objects/Sensor1/qualityIndicator/V/Actual
441,devices/2757a0c4-af81-4273-87fb-2b0d87c5da34/mtp/objects/Sensor1/qualityIndicator/VSclMax/Actual
442,devices/2757a0c4-af81-4273-87fb-2b0d87c5da34/mtp/objects/Sensor1/qualityIndicator/VSclMin/Actual
443,devices/2757a0c4-af81-4273-87fb-2b0d87c5da34/mtp/objects/Sensor1/qualityIndicator/VUnit/Actual
444,devices/2757a0c4-af81-4273-87fb-2b0d87c5da34/mtp/objects/Sensor1/qualityIndicator/WQC/Actual
445,devices/2757a0c4-af81-4273-87fb-2b0d87c5da34/mtp/objects/Sensor1/serialNumber/TagDescription/Actual
446,devices/2757a0c4-af81-4273-87fb-2b0d87c5da34/mtp/objects/Sensor1/serialNumber/TagName/Actual
447,devices/2757a0c4-af81-4273-87fb-2b0d87c5da34/mtp/objects/Sensor1/serialNumber/Text/Actual
448,devices/2757a0c4-af81-4273-87fb-2b0d87c5da34/mtp/objects/Sensor1/serialNumber/WQC/Actual
449,devices/2757a0c4-af81-4273-87fb-2b0d87c5da34/status/connection_status
450,devices/2757a0c4-af81-4273-87fb-2b0d87c5da34/status/uptime
451,devices/289ca36e-495e-445a-ae52-203a431051f5/assigned_to_batch
452,devices/289ca36e-495e-445a-ae52-203a431051f5/assigned_to_pnid
453,devices/289ca36e-495e-445a-ae52-203a431051f5/assigned_to_process
454,devices/289ca36e-495e-445a-ae52-203a431051f5/assigned_to_system
455,devices/289ca36e-495e-445a-ae52-203a431051f5/diagnostics/CoreBoard/Text/Actual
456,devices/289ca36e-495e-445a-ae52-203a431051f5/metadata
457,devices/289ca36e-495e-445a-ae52-203a431051f5/mtp/objects/Sparger2/flowRate/CloseAct/Actual
458,devices/289ca36e-495e-445a-ae52-203a431051f5/mtp/objects/Sparger2/flowRate/CloseAut/Actual
459,devices/289ca36e-495e-445a-ae52-203a431051f5/mtp/objects/Sparger2/flowRate/CloseFbk/Actual
460,devices/289ca36e-495e-445a-ae52-203a431051f5/mtp/objects/Sparger2/flowRate/CloseFbkCalc/Actual
461,devices/289ca36e-495e-445a-ae52-203a431051f5/mtp/objects/Sparger2/flowRate/CloseOp/Actual
462,devices/289ca36e-495e-445a-ae52-203a431051f5/mtp/objects/Sparger2/flowRate/Interlock/Actual
463,devices/289ca36e-495e-445a-ae52-203a431051f5/mtp/objects/Sparger2/flowRate/IntlEn/Actual
464,devices/289ca36e-495e-445a-ae52-203a431051f5/mtp/objects/Sparger2/flowRate/OSLevel/Actual
465,devices/289ca36e-495e-445a-ae52-203a431051f5/mtp/objects/Sparger2/flowRate/OpenAct/Actual
466,devices/289ca36e-495e-445a-ae52-203a431051f5/mtp/objects/Sparger2/flowRate/OpenAut/Actual
467,devices/289ca36e-495e-445a-ae52-203a431051f5/mtp/objects/Sparger2/flowRate/OpenFbk/Actual
468,devices/289ca36e-495e-445a-ae52-203a431051f5/mtp/objects/Sparger2/flowRate/OpenFbkCalc/Actual
469,devices/289ca36e-495e-445a-ae52-203a431051f5/mtp/objects/Sparger2/flowRate/OpenOp/Actual
470,devices/289ca36e-495e-445a-ae52-203a431051f5/mtp/objects/Sparger2/flowRate/OpenOp/Setpoint
471,devices/289ca36e-495e-445a-ae52-203a431051f5/mtp/objects/Sparger2/flowRate/PermEn/Actual
472,devices/289ca36e-495e-445a-ae52-203a431051f5/mtp/objects/Sparger2/flowRate/Permit/Actual
473,devices/289ca36e-495e-445a-ae52-203a431051f5/mtp/objects/Sparger2/flowRate/Pos/Actual
474,devices/289ca36e-495e-445a-ae52-203a431051f5/mtp/objects/Sparger2/flowRate/PosFbk/Actual
475,devices/289ca36e-495e-445a-ae52-203a431051f5/mtp/objects/Sparger2/flowRate/PosFbkCalc/Actual
476,devices/289ca36e-495e-445a-ae52-203a431051f5/mtp/objects/Sparger2/flowRate/PosInt/Actual
477,devices/289ca36e-495e-445a-ae52-203a431051f5/mtp/objects/Sparger2/flowRate/PosMan/Actual
478,devices/289ca36e-495e-445a-ae52-203a431051f5/mtp/objects/Sparger2/flowRate/PosMan/Setpoint
479,devices/289ca36e-495e-445a-ae52-203a431051f5/mtp/objects/Sparger2/flowRate/PosMax/Actual
480,devices/289ca36e-495e-445a-ae52-203a431051f5/mtp/objects/Sparger2/flowRate/PosMin/Actual
481,devices/289ca36e-495e-445a-ae52-203a431051f5/mtp/objects/Sparger2/flowRate/PosRbk/Actual
482,devices/289ca36e-495e-445a-ae52-203a431051f5/mtp/objects/Sparger2/flowRate/PosSclMax/Actual
483,devices/289ca36e-495e-445a-ae52-203a431051f5/mtp/objects/Sparger2/flowRate/PosSclMin/Actual
484,devices/289ca36e-495e-445a-ae52-203a431051f5/mtp/objects/Sparger2/flowRate/PosUnit/Actual
485,devices/289ca36e-495e-445a-ae52-203a431051f5/mtp/objects/Sparger2/flowRate/ProtEn/Actual
486,devices/289ca36e-495e-445a-ae52-203a431051f5/mtp/objects/Sparger2/flowRate/Protect/Actual
487,devices/289ca36e-495e-445a-ae52-203a431051f5/mtp/objects/Sparger2/flowRate/ResetAut/Actual
488,devices/289ca36e-495e-445a-ae52-203a431051f5/mtp/objects/Sparger2/flowRate/ResetOp/Actual
489,devices/289ca36e-495e-445a-ae52-203a431051f5/mtp/objects/Sparger2/flowRate/SafePos/Actual
490,devices/289ca36e-495e-445a-ae52-203a431051f5/mtp/objects/Sparger2/flowRate/SafePosAct/Actual
491,devices/289ca36e-495e-445a-ae52-203a431051f5/mtp/objects/Sparger2/flowRate/SafePosEn/Actual
492,devices/289ca36e-495e-445a-ae52-203a431051f5/mtp/objects/Sparger2/flowRate/SrcChannel/Actual
493,devices/289ca36e-495e-445a-ae52-203a431051f5/mtp/objects/Sparger2/flowRate/SrcIntAct/Actual
494,devices/289ca36e-495e-445a-ae52-203a431051f5/mtp/objects/Sparger2/flowRate/SrcIntAut/Actual
495,devices/289ca36e-495e-445a-ae52-203a431051f5/mtp/objects/Sparger2/flowRate/SrcIntOp/Actual
496,devices/289ca36e-495e-445a-ae52-203a431051f5/mtp/objects/Sparger2/flowRate/SrcManAct/Actual
497,devices/289ca36e-495e-445a-ae52-203a431051f5/mtp/objects/Sparger2/flowRate/SrcManAut/Actual
498,devices/289ca36e-495e-445a-ae52-203a431051f5/mtp/objects/Sparger2/flowRate/SrcManOp/Actual
499,devices/289ca36e-495e-445a-ae52-203a431051f5/mtp/objects/Sparger2/flowRate/StateAutAct/Actual
500,devices/289ca36e-495e-445a-ae52-203a431051f5/mtp/objects/Sparger2/flowRate/StateAutAut/Actual
501,devices/289ca36e-495e-445a-ae52-203a431051f5/mtp/objects/Sparger2/flowRate/StateAutOp/Actual
502,devices/289ca36e-495e-445a-ae52-203a431051f5/mtp/objects/Sparger2/flowRate/StateChannel/Actual
503,devices/289ca36e-495e-445a-ae52-203a431051f5/mtp/objects/Sparger2/flowRate/StateOffAct/Actual
504,devices/289ca36e-495e-445a-ae52-203a431051f5/mtp/objects/Sparger2/flowRate/StateOffAut/Actual
505,devices/289ca36e-495e-445a-ae52-203a431051f5/mtp/objects/Sparger2/flowRate/StateOffOp/Actual
506,devices/289ca36e-495e-445a-ae52-203a431051f5/mtp/objects/Sparger2/flowRate/StateOpAct/Actual
507,devices/289ca36e-495e-445a-ae52-203a431051f5/mtp/objects/Sparger2/flowRate/StateOpAut/Actual
508,devices/289ca36e-495e-445a-ae52-203a431051f5/mtp/objects/Sparger2/flowRate/StateOpOp/Actual
509,devices/289ca36e-495e-445a-ae52-203a431051f5/mtp/objects/Sparger2/flowRate/TagDescription/Actual
510,devices/289ca36e-495e-445a-ae52-203a431051f5/mtp/objects/Sparger2/flowRate/TagName/Actual
511,devices/289ca36e-495e-445a-ae52-203a431051f5/mtp/objects/Sparger2/flowRate/WQC/Actual
512,devices/289ca36e-495e-445a-ae52-203a431051f5/mtp/objects/Sparger2/gasTemp/TagDescription/Actual
513,devices/289ca36e-495e-445a-ae52-203a431051f5/mtp/objects/Sparger2/gasTemp/TagName/Actual
514,devices/289ca36e-495e-445a-ae52-203a431051f5/mtp/objects/Sparger2/gasTemp/V/Actual
515,devices/289ca36e-495e-445a-ae52-203a431051f5/mtp/objects/Sparger2/gasTemp/VSclMax/Actual
516,devices/289ca36e-495e-445a-ae52-203a431051f5/mtp/objects/Sparger2/gasTemp/VSclMin/Actual
517,devices/289ca36e-495e-445a-ae52-203a431051f5/mtp/objects/Sparger2/gasTemp/VUnit/Actual
518,devices/289ca36e-495e-445a-ae52-203a431051f5/mtp/objects/Sparger2/gasTemp/WQC/Actual
519,devices/289ca36e-495e-445a-ae52-203a431051f5/mtp/objects/Sparger2/gasType/TagDescription/Actual
520,devices/289ca36e-495e-445a-ae52-203a431051f5/mtp/objects/Sparger2/gasType/TagName/Actual
521,devices/289ca36e-495e-445a-ae52-203a431051f5/mtp/objects/Sparger2/gasType/Text/Actual
522,devices/289ca36e-495e-445a-ae52-203a431051f5/mtp/objects/Sparger2/gasType/WQC/Actual
523,devices/289ca36e-495e-445a-ae52-203a431051f5/mtp/objects/Sparger2/interlockSwitch/OSLevel/Actual
524,devices/289ca36e-495e-445a-ae52-203a431051f5/mtp/objects/Sparger2/interlockSwitch/SrcChannel/Actual
525,devices/289ca36e-495e-445a-ae52-203a431051f5/mtp/objects/Sparger2/interlockSwitch/SrcIntAct/Actual
526,devices/289ca36e-495e-445a-ae52-203a431051f5/mtp/objects/Sparger2/interlockSwitch/SrcIntAut/Actual
527,devices/289ca36e-495e-445a-ae52-203a431051f5/mtp/objects/Sparger2/interlockSwitch/SrcIntOp/Actual
528,devices/289ca36e-495e-445a-ae52-203a431051f5/mtp/objects/Sparger2/interlockSwitch/SrcManAct/Actual
529,devices/289ca36e-495e-445a-ae52-203a431051f5/mtp/objects/Sparger2/interlockSwitch/SrcManAut/Actual
530,devices/289ca36e-495e-445a-ae52-203a431051f5/mtp/objects/Sparger2/interlockSwitch/SrcManOp/Actual
531,devices/289ca36e-495e-445a-ae52-203a431051f5/mtp/objects/Sparger2/interlockSwitch/TagDescription/Actual
532,devices/289ca36e-495e-445a-ae52-203a431051f5/mtp/objects/Sparger2/interlockSwitch/TagName/Actual
533,devices/289ca36e-495e-445a-ae52-203a431051f5/mtp/objects/Sparger2/interlockSwitch/VFbk/Actual
534,devices/289ca36e-495e-445a-ae52-203a431051f5/mtp/objects/Sparger2/interlockSwitch/VInt/Actual
535,devices/289ca36e-495e-445a-ae52-203a431051f5/mtp/objects/Sparger2/interlockSwitch/VMan/Actual
536,devices/289ca36e-495e-445a-ae52-203a431051f5/mtp/objects/Sparger2/interlockSwitch/VMan/Setpoint
537,devices/289ca36e-495e-445a-ae52-203a431051f5/mtp/objects/Sparger2/interlockSwitch/VOut/Actual
538,devices/289ca36e-495e-445a-ae52-203a431051f5/mtp/objects/Sparger2/interlockSwitch/VRbk/Actual
539,devices/289ca36e-495e-445a-ae52-203a431051f5/mtp/objects/Sparger2/interlockSwitch/VState0/Actual
540,devices/289ca36e-495e-445a-ae52-203a431051f5/mtp/objects/Sparger2/interlockSwitch/VState1/Actual
541,devices/289ca36e-495e-445a-ae52-203a431051f5/mtp/objects/Sparger2/interlockSwitch/WQC/Actual
542,devices/289ca36e-495e-445a-ae52-203a431051f5/mtp/objects/Sparger2/metadata/TagDescription/Actual
543,devices/289ca36e-495e-445a-ae52-203a431051f5/mtp/objects/Sparger2/metadata/TagName/Actual
544,devices/289ca36e-495e-445a-ae52-203a431051f5/mtp/objects/Sparger2/metadata/Text/Actual
545,devices/289ca36e-495e-445a-ae52-203a431051f5/mtp/objects/Sparger2/metadata/WQC/Actual
546,devices/289ca36e-495e-445a-ae52-203a431051f5/mtp/objects/Sparger2/moduleIdentificationTrigger/OSLevel/Actual
547,devices/289ca36e-495e-445a-ae52-203a431051f5/mtp/objects/Sparger2/moduleIdentificationTrigger/TagDescription/Actual
548,devices/289ca36e-495e-445a-ae52-203a431051f5/mtp/objects/Sparger2/moduleIdentificationTrigger/TagName/Actual
549,devices/289ca36e-495e-445a-ae52-203a431051f5/mtp/objects/Sparger2/moduleIdentificationTrigger/VFbk/Actual
550,devices/289ca36e-495e-445a-ae52-203a431051f5/mtp/objects/Sparger2/moduleIdentificationTrigger/VMan/Actual
551,devices/289ca36e-495e-445a-ae52-203a431051f5/mtp/objects/Sparger2/moduleIdentificationTrigger/VOut/Actual
552,devices/289ca36e-495e-445a-ae52-203a431051f5/mtp/objects/Sparger2/moduleIdentificationTrigger/VRbk/Actual
553,devices/289ca36e-495e-445a-ae52-203a431051f5/mtp/objects/Sparger2/moduleIdentificationTrigger/VState0/Actual
554,devices/289ca36e-495e-445a-ae52-203a431051f5/mtp/objects/Sparger2/moduleIdentificationTrigger/VState1/Actual
555,devices/289ca36e-495e-445a-ae52-203a431051f5/mtp/objects/Sparger2/protectReset/OSLevel/Actual
556,devices/289ca36e-495e-445a-ae52-203a431051f5/mtp/objects/Sparger2/protectReset/SrcChannel/Actual
557,devices/289ca36e-495e-445a-ae52-203a431051f5/mtp/objects/Sparger2/protectReset/SrcIntAct/Actual
558,devices/289ca36e-495e-445a-ae52-203a431051f5/mtp/objects/Sparger2/protectReset/SrcIntAut/Actual
559,devices/289ca36e-495e-445a-ae52-203a431051f5/mtp/objects/Sparger2/protectReset/SrcIntOp/Actual
560,devices/289ca36e-495e-445a-ae52-203a431051f5/mtp/objects/Sparger2/protectReset/SrcManAct/Actual
561,devices/289ca36e-495e-445a-ae52-203a431051f5/mtp/objects/Sparger2/protectReset/SrcManAut/Actual
562,devices/289ca36e-495e-445a-ae52-203a431051f5/mtp/objects/Sparger2/protectReset/SrcManOp/Actual
563,devices/289ca36e-495e-445a-ae52-203a431051f5/mtp/objects/Sparger2/protectReset/TagDescription/Actual
564,devices/289ca36e-495e-445a-ae52-203a431051f5/mtp/objects/Sparger2/protectReset/TagName/Actual
565,devices/289ca36e-495e-445a-ae52-203a431051f5/mtp/objects/Sparger2/protectReset/VFbk/Actual
566,devices/289ca36e-495e-445a-ae52-203a431051f5/mtp/objects/Sparger2/protectReset/VInt/Actual
567,devices/289ca36e-495e-445a-ae52-203a431051f5/mtp/objects/Sparger2/protectReset/VMan/Actual
568,devices/289ca36e-495e-445a-ae52-203a431051f5/mtp/objects/Sparger2/protectReset/VOut/Actual
569,devices/289ca36e-495e-445a-ae52-203a431051f5/mtp/objects/Sparger2/protectReset/VRbk/Actual
570,devices/289ca36e-495e-445a-ae52-203a431051f5/mtp/objects/Sparger2/protectReset/VState0/Actual
571,devices/289ca36e-495e-445a-ae52-203a431051f5/mtp/objects/Sparger2/protectReset/VState1/Actual
572,devices/289ca36e-495e-445a-ae52-203a431051f5/mtp/objects/Sparger2/protectReset/WQC/Actual
573,devices/289ca36e-495e-445a-ae52-203a431051f5/mtp/objects/Sparger2/resetTotalizer/OSLevel/Actual
574,devices/289ca36e-495e-445a-ae52-203a431051f5/mtp/objects/Sparger2/resetTotalizer/SrcChannel/Actual
575,devices/289ca36e-495e-445a-ae52-203a431051f5/mtp/objects/Sparger2/resetTotalizer/SrcIntAct/Actual
576,devices/289ca36e-495e-445a-ae52-203a431051f5/mtp/objects/Sparger2/resetTotalizer/SrcIntAut/Actual
577,devices/289ca36e-495e-445a-ae52-203a431051f5/mtp/objects/Sparger2/resetTotalizer/SrcIntOp/Actual
578,devices/289ca36e-495e-445a-ae52-203a431051f5/mtp/objects/Sparger2/resetTotalizer/SrcManAct/Actual
579,devices/289ca36e-495e-445a-ae52-203a431051f5/mtp/objects/Sparger2/resetTotalizer/SrcManAut/Actual
580,devices/289ca36e-495e-445a-ae52-203a431051f5/mtp/objects/Sparger2/resetTotalizer/SrcManOp/Actual
581,devices/289ca36e-495e-445a-ae52-203a431051f5/mtp/objects/Sparger2/resetTotalizer/TagDescription/Actual
582,devices/289ca36e-495e-445a-ae52-203a431051f5/mtp/objects/Sparger2/resetTotalizer/TagName/Actual
583,devices/289ca36e-495e-445a-ae52-203a431051f5/mtp/objects/Sparger2/resetTotalizer/VFbk/Actual
584,devices/289ca36e-495e-445a-ae52-203a431051f5/mtp/objects/Sparger2/resetTotalizer/VInt/Actual
585,devices/289ca36e-495e-445a-ae52-203a431051f5/mtp/objects/Sparger2/resetTotalizer/VMan/Actual
586,devices/289ca36e-495e-445a-ae52-203a431051f5/mtp/objects/Sparger2/resetTotalizer/VOut/Actual
587,devices/289ca36e-495e-445a-ae52-203a431051f5/mtp/objects/Sparger2/resetTotalizer/VRbk/Actual
588,devices/289ca36e-495e-445a-ae52-203a431051f5/mtp/objects/Sparger2/resetTotalizer/VState0/Actual
589,devices/289ca36e-495e-445a-ae52-203a431051f5/mtp/objects/Sparger2/resetTotalizer/VState1/Actual
590,devices/289ca36e-495e-445a-ae52-203a431051f5/mtp/objects/Sparger2/resetTotalizer/WQC/Actual
591,devices/289ca36e-495e-445a-ae52-203a431051f5/mtp/objects/Sparger2/safeposEnable/OSLevel/Actual
592,devices/289ca36e-495e-445a-ae52-203a431051f5/mtp/objects/Sparger2/safeposEnable/SrcChannel/Actual
593,devices/289ca36e-495e-445a-ae52-203a431051f5/mtp/objects/Sparger2/safeposEnable/SrcIntAct/Actual
594,devices/289ca36e-495e-445a-ae52-203a431051f5/mtp/objects/Sparger2/safeposEnable/SrcIntAut/Actual
595,devices/289ca36e-495e-445a-ae52-203a431051f5/mtp/objects/Sparger2/safeposEnable/SrcIntOp/Actual
596,devices/289ca36e-495e-445a-ae52-203a431051f5/mtp/objects/Sparger2/safeposEnable/SrcManAct/Actual
597,devices/289ca36e-495e-445a-ae52-203a431051f5/mtp/objects/Sparger2/safeposEnable/SrcManAut/Actual
598,devices/289ca36e-495e-445a-ae52-203a431051f5/mtp/objects/Sparger2/safeposEnable/SrcManOp/Actual
599,devices/289ca36e-495e-445a-ae52-203a431051f5/mtp/objects/Sparger2/safeposEnable/TagDescription/Actual
600,devices/289ca36e-495e-445a-ae52-203a431051f5/mtp/objects/Sparger2/safeposEnable/TagName/Actual
601,devices/289ca36e-495e-445a-ae52-203a431051f5/mtp/objects/Sparger2/safeposEnable/VFbk/Actual
602,devices/289ca36e-495e-445a-ae52-203a431051f5/mtp/objects/Sparger2/safeposEnable/VInt/Actual
603,devices/289ca36e-495e-445a-ae52-203a431051f5/mtp/objects/Sparger2/safeposEnable/VMan/Actual
604,devices/289ca36e-495e-445a-ae52-203a431051f5/mtp/objects/Sparger2/safeposEnable/VOut/Actual
605,devices/289ca36e-495e-445a-ae52-203a431051f5/mtp/objects/Sparger2/safeposEnable/VRbk/Actual
606,devices/289ca36e-495e-445a-ae52-203a431051f5/mtp/objects/Sparger2/safeposEnable/VState0/Actual
607,devices/289ca36e-495e-445a-ae52-203a431051f5/mtp/objects/Sparger2/safeposEnable/VState1/Actual
608,devices/289ca36e-495e-445a-ae52-203a431051f5/mtp/objects/Sparger2/safeposEnable/WQC/Actual
609,devices/289ca36e-495e-445a-ae52-203a431051f5/mtp/objects/Sparger2/safeposSwitch/OSLevel/Actual
610,devices/289ca36e-495e-445a-ae52-203a431051f5/mtp/objects/Sparger2/safeposSwitch/SrcChannel/Actual
611,devices/289ca36e-495e-445a-ae52-203a431051f5/mtp/objects/Sparger2/safeposSwitch/SrcIntAct/Actual
612,devices/289ca36e-495e-445a-ae52-203a431051f5/mtp/objects/Sparger2/safeposSwitch/SrcIntAut/Actual
613,devices/289ca36e-495e-445a-ae52-203a431051f5/mtp/objects/Sparger2/safeposSwitch/SrcIntOp/Actual
614,devices/289ca36e-495e-445a-ae52-203a431051f5/mtp/objects/Sparger2/safeposSwitch/SrcManAct/Actual
615,devices/289ca36e-495e-445a-ae52-203a431051f5/mtp/objects/Sparger2/safeposSwitch/SrcManAut/Actual
616,devices/289ca36e-495e-445a-ae52-203a431051f5/mtp/objects/Sparger2/safeposSwitch/SrcManOp/Actual
617,devices/289ca36e-495e-445a-ae52-203a431051f5/mtp/objects/Sparger2/safeposSwitch/TagDescription/Actual
618,devices/289ca36e-495e-445a-ae52-203a431051f5/mtp/objects/Sparger2/safeposSwitch/TagName/Actual
619,devices/289ca36e-495e-445a-ae52-203a431051f5/mtp/objects/Sparger2/safeposSwitch/VFbk/Actual
620,devices/289ca36e-495e-445a-ae52-203a431051f5/mtp/objects/Sparger2/safeposSwitch/VInt/Actual
621,devices/289ca36e-495e-445a-ae52-203a431051f5/mtp/objects/Sparger2/safeposSwitch/VMan/Actual
622,devices/289ca36e-495e-445a-ae52-203a431051f5/mtp/objects/Sparger2/safeposSwitch/VOut/Actual
623,devices/289ca36e-495e-445a-ae52-203a431051f5/mtp/objects/Sparger2/safeposSwitch/VRbk/Actual
624,devices/289ca36e-495e-445a-ae52-203a431051f5/mtp/objects/Sparger2/safeposSwitch/VState0/Actual
625,devices/289ca36e-495e-445a-ae52-203a431051f5/mtp/objects/Sparger2/safeposSwitch/VState1/Actual
626,devices/289ca36e-495e-445a-ae52-203a431051f5/mtp/objects/Sparger2/safeposSwitch/WQC/Actual
627,devices/289ca36e-495e-445a-ae52-203a431051f5/mtp/objects/Sparger2/status/TagDescription/Actual
628,devices/289ca36e-495e-445a-ae52-203a431051f5/mtp/objects/Sparger2/status/TagName/Actual
629,devices/289ca36e-495e-445a-ae52-203a431051f5/mtp/objects/Sparger2/status/Text/Actual
630,devices/289ca36e-495e-445a-ae52-203a431051f5/mtp/objects/Sparger2/status/WQC/Actual
631,devices/289ca36e-495e-445a-ae52-203a431051f5/mtp/objects/Sparger2/tare/OSLevel/Actual
632,devices/289ca36e-495e-445a-ae52-203a431051f5/mtp/objects/Sparger2/tare/SrcChannel/Actual
633,devices/289ca36e-495e-445a-ae52-203a431051f5/mtp/objects/Sparger2/tare/SrcIntAct/Actual
634,devices/289ca36e-495e-445a-ae52-203a431051f5/mtp/objects/Sparger2/tare/SrcIntAut/Actual
635,devices/289ca36e-495e-445a-ae52-203a431051f5/mtp/objects/Sparger2/tare/SrcIntOp/Actual
636,devices/289ca36e-495e-445a-ae52-203a431051f5/mtp/objects/Sparger2/tare/SrcManAct/Actual
637,devices/289ca36e-495e-445a-ae52-203a431051f5/mtp/objects/Sparger2/tare/SrcManAut/Actual
638,devices/289ca36e-495e-445a-ae52-203a431051f5/mtp/objects/Sparger2/tare/SrcManOp/Actual
639,devices/289ca36e-495e-445a-ae52-203a431051f5/mtp/objects/Sparger2/tare/TagDescription/Actual
640,devices/289ca36e-495e-445a-ae52-203a431051f5/mtp/objects/Sparger2/tare/TagName/Actual
641,devices/289ca36e-495e-445a-ae52-203a431051f5/mtp/objects/Sparger2/tare/VFbk/Actual
642,devices/289ca36e-495e-445a-ae52-203a431051f5/mtp/objects/Sparger2/tare/VInt/Actual
643,devices/289ca36e-495e-445a-ae52-203a431051f5/mtp/objects/Sparger2/tare/VMan/Actual
644,devices/289ca36e-495e-445a-ae52-203a431051f5/mtp/objects/Sparger2/tare/VOut/Actual
645,devices/289ca36e-495e-445a-ae52-203a431051f5/mtp/objects/Sparger2/tare/VRbk/Actual
646,devices/289ca36e-495e-445a-ae52-203a431051f5/mtp/objects/Sparger2/tare/VState0/Actual
647,devices/289ca36e-495e-445a-ae52-203a431051f5/mtp/objects/Sparger2/tare/VState1/Actual
648,devices/289ca36e-495e-445a-ae52-203a431051f5/mtp/objects/Sparger2/tare/WQC/Actual
649,devices/289ca36e-495e-445a-ae52-203a431051f5/mtp/objects/Sparger2/totalizer/TagDescription/Actual
650,devices/289ca36e-495e-445a-ae52-203a431051f5/mtp/objects/Sparger2/totalizer/TagName/Actual
651,devices/289ca36e-495e-445a-ae52-203a431051f5/mtp/objects/Sparger2/totalizer/V/Actual
652,devices/289ca36e-495e-445a-ae52-203a431051f5/mtp/objects/Sparger2/totalizer/VSclMax/Actual
653,devices/289ca36e-495e-445a-ae52-203a431051f5/mtp/objects/Sparger2/totalizer/VSclMin/Actual
654,devices/289ca36e-495e-445a-ae52-203a431051f5/mtp/objects/Sparger2/totalizer/VUnit/Actual
655,devices/289ca36e-495e-445a-ae52-203a431051f5/mtp/objects/Sparger2/totalizer/WQC/Actual
656,devices/289ca36e-495e-445a-ae52-203a431051f5/mtp/objects/Sparger2/userGasType/OSLevel/Actual
657,devices/289ca36e-495e-445a-ae52-203a431051f5/mtp/objects/Sparger2/userGasType/TagDescription/Actual
658,devices/289ca36e-495e-445a-ae52-203a431051f5/mtp/objects/Sparger2/userGasType/TagName/Actual
659,devices/289ca36e-495e-445a-ae52-203a431051f5/mtp/objects/Sparger2/userGasType/VFbk/Actual
660,devices/289ca36e-495e-445a-ae52-203a431051f5/mtp/objects/Sparger2/userGasType/VMan/Actual
661,devices/289ca36e-495e-445a-ae52-203a431051f5/mtp/objects/Sparger2/userGasType/VMax/Actual
662,devices/289ca36e-495e-445a-ae52-203a431051f5/mtp/objects/Sparger2/userGasType/VMin/Actual
663,devices/289ca36e-495e-445a-ae52-203a431051f5/mtp/objects/Sparger2/userGasType/VOut/Actual
664,devices/289ca36e-495e-445a-ae52-203a431051f5/mtp/objects/Sparger2/userGasType/VRbk/Actual
665,devices/289ca36e-495e-445a-ae52-203a431051f5/mtp/objects/Sparger2/userGasType/VSclMax/Actual
666,devices/289ca36e-495e-445a-ae52-203a431051f5/mtp/objects/Sparger2/userGasType/VSclMin/Actual
667,devices/289ca36e-495e-445a-ae52-203a431051f5/mtp/objects/Sparger2/userGasType/VUnit/Actual
668,devices/289ca36e-495e-445a-ae52-203a431051f5/mtp/objects/Sparger2/valveDrive/TagDescription/Actual
669,devices/289ca36e-495e-445a-ae52-203a431051f5/mtp/objects/Sparger2/valveDrive/TagName/Actual
670,devices/289ca36e-495e-445a-ae52-203a431051f5/mtp/objects/Sparger2/valveDrive/V/Actual
671,devices/289ca36e-495e-445a-ae52-203a431051f5/mtp/objects/Sparger2/valveDrive/VSclMax/Actual
672,devices/289ca36e-495e-445a-ae52-203a431051f5/mtp/objects/Sparger2/valveDrive/VSclMin/Actual
673,devices/289ca36e-495e-445a-ae52-203a431051f5/mtp/objects/Sparger2/valveDrive/VUnit/Actual
674,devices/289ca36e-495e-445a-ae52-203a431051f5/mtp/objects/Sparger2/valveDrive/WQC/Actual
675,devices/289ca36e-495e-445a-ae52-203a431051f5/status/connection_status
676,devices/289ca36e-495e-445a-ae52-203a431051f5/status/uptime
677,devices/616ad07e-52e7-4293-aba1-2848073e1c33/assigned_to_batch
678,devices/616ad07e-52e7-4293-aba1-2848073e1c33/assigned_to_pnid
679,devices/616ad07e-52e7-4293-aba1-2848073e1c33/assigned_to_process
680,devices/616ad07e-52e7-4293-aba1-2848073e1c33/assigned_to_system
681,devices/616ad07e-52e7-4293-aba1-2848073e1c33/diagnostics/CoreBoard/Text/Actual
682,devices/616ad07e-52e7-4293-aba1-2848073e1c33/metadata
683,devices/616ad07e-52e7-4293-aba1-2848073e1c33/mtp/objects/Pump/coefficient/OSLevel/Actual
684,devices/616ad07e-52e7-4293-aba1-2848073e1c33/mtp/objects/Pump/coefficient/SrcChannel/Actual
685,devices/616ad07e-52e7-4293-aba1-2848073e1c33/mtp/objects/Pump/coefficient/SrcIntAct/Actual
686,devices/616ad07e-52e7-4293-aba1-2848073e1c33/mtp/objects/Pump/coefficient/SrcIntAut/Actual
687,devices/616ad07e-52e7-4293-aba1-2848073e1c33/mtp/objects/Pump/coefficient/SrcIntOp/Actual
688,devices/616ad07e-52e7-4293-aba1-2848073e1c33/mtp/objects/Pump/coefficient/SrcManAct/Actual
689,devices/616ad07e-52e7-4293-aba1-2848073e1c33/mtp/objects/Pump/coefficient/SrcManAut/Actual
690,devices/616ad07e-52e7-4293-aba1-2848073e1c33/mtp/objects/Pump/coefficient/SrcManOp/Actual
691,devices/616ad07e-52e7-4293-aba1-2848073e1c33/mtp/objects/Pump/coefficient/TagDescription/Actual
692,devices/616ad07e-52e7-4293-aba1-2848073e1c33/mtp/objects/Pump/coefficient/TagName/Actual
693,devices/616ad07e-52e7-4293-aba1-2848073e1c33/mtp/objects/Pump/coefficient/VFbk/Actual
694,devices/616ad07e-52e7-4293-aba1-2848073e1c33/mtp/objects/Pump/coefficient/VInt/Actual
695,devices/616ad07e-52e7-4293-aba1-2848073e1c33/mtp/objects/Pump/coefficient/VMan/Actual
696,devices/616ad07e-52e7-4293-aba1-2848073e1c33/mtp/objects/Pump/coefficient/VMax/Actual
697,devices/616ad07e-52e7-4293-aba1-2848073e1c33/mtp/objects/Pump/coefficient/VMin/Actual
698,devices/616ad07e-52e7-4293-aba1-2848073e1c33/mtp/objects/Pump/coefficient/VOut/Actual
699,devices/616ad07e-52e7-4293-aba1-2848073e1c33/mtp/objects/Pump/coefficient/VRbk/Actual
700,devices/616ad07e-52e7-4293-aba1-2848073e1c33/mtp/objects/Pump/coefficient/VSclMax/Actual
701,devices/616ad07e-52e7-4293-aba1-2848073e1c33/mtp/objects/Pump/coefficient/VSclMin/Actual
702,devices/616ad07e-52e7-4293-aba1-2848073e1c33/mtp/objects/Pump/coefficient/VUnit/Actual
703,devices/616ad07e-52e7-4293-aba1-2848073e1c33/mtp/objects/Pump/coefficient/WQC/Actual
704,devices/616ad07e-52e7-4293-aba1-2848073e1c33/mtp/objects/Pump/controller/FwdAut/Actual
705,devices/616ad07e-52e7-4293-aba1-2848073e1c33/mtp/objects/Pump/controller/FwdCtrl/Actual
706,devices/616ad07e-52e7-4293-aba1-2848073e1c33/mtp/objects/Pump/controller/FwdEn/Actual
707,devices/616ad07e-52e7-4293-aba1-2848073e1c33/mtp/objects/Pump/controller/FwdFbk/Actual
708,devices/616ad07e-52e7-4293-aba1-2848073e1c33/mtp/objects/Pump/controller/FwdFbkCalc/Actual
709,devices/616ad07e-52e7-4293-aba1-2848073e1c33/mtp/objects/Pump/controller/FwdOp/Actual
710,devices/616ad07e-52e7-4293-aba1-2848073e1c33/mtp/objects/Pump/controller/FwdOp/Setpoint
711,devices/616ad07e-52e7-4293-aba1-2848073e1c33/mtp/objects/Pump/controller/Interlock/Actual
712,devices/616ad07e-52e7-4293-aba1-2848073e1c33/mtp/objects/Pump/controller/IntlEn/Actual
713,devices/616ad07e-52e7-4293-aba1-2848073e1c33/mtp/objects/Pump/controller/MonDynErr/Actual
714,devices/616ad07e-52e7-4293-aba1-2848073e1c33/mtp/objects/Pump/controller/MonDynTi/Actual
715,devices/616ad07e-52e7-4293-aba1-2848073e1c33/mtp/objects/Pump/controller/MonEn/Actual
716,devices/616ad07e-52e7-4293-aba1-2848073e1c33/mtp/objects/Pump/controller/MonSafePos/Actual
717,devices/616ad07e-52e7-4293-aba1-2848073e1c33/mtp/objects/Pump/controller/MonStatErr/Actual
718,devices/616ad07e-52e7-4293-aba1-2848073e1c33/mtp/objects/Pump/controller/MonStatTi/Actual
719,devices/616ad07e-52e7-4293-aba1-2848073e1c33/mtp/objects/Pump/controller/OSLevel/Actual
720,devices/616ad07e-52e7-4293-aba1-2848073e1c33/mtp/objects/Pump/controller/PermEn/Actual
721,devices/616ad07e-52e7-4293-aba1-2848073e1c33/mtp/objects/Pump/controller/Permit/Actual
722,devices/616ad07e-52e7-4293-aba1-2848073e1c33/mtp/objects/Pump/controller/ProtEn/Actual
723,devices/616ad07e-52e7-4293-aba1-2848073e1c33/mtp/objects/Pump/controller/Protect/Actual
724,devices/616ad07e-52e7-4293-aba1-2848073e1c33/mtp/objects/Pump/controller/ResetAut/Actual
725,devices/616ad07e-52e7-4293-aba1-2848073e1c33/mtp/objects/Pump/controller/ResetOp/Actual
726,devices/616ad07e-52e7-4293-aba1-2848073e1c33/mtp/objects/Pump/controller/RevAut/Actual
727,devices/616ad07e-52e7-4293-aba1-2848073e1c33/mtp/objects/Pump/controller/RevCtrl/Actual
728,devices/616ad07e-52e7-4293-aba1-2848073e1c33/mtp/objects/Pump/controller/RevEn/Actual
729,devices/616ad07e-52e7-4293-aba1-2848073e1c33/mtp/objects/Pump/controller/RevFbk/Actual
730,devices/616ad07e-52e7-4293-aba1-2848073e1c33/mtp/objects/Pump/controller/RevFbkCalc/Actual
731,devices/616ad07e-52e7-4293-aba1-2848073e1c33/mtp/objects/Pump/controller/RevOp/Actual
732,devices/616ad07e-52e7-4293-aba1-2848073e1c33/mtp/objects/Pump/controller/Rpm/Actual
733,devices/616ad07e-52e7-4293-aba1-2848073e1c33/mtp/objects/Pump/controller/RpmAHAct/Actual
734,devices/616ad07e-52e7-4293-aba1-2848073e1c33/mtp/objects/Pump/controller/RpmAHEn/Actual
735,devices/616ad07e-52e7-4293-aba1-2848073e1c33/mtp/objects/Pump/controller/RpmAHLim/Actual
736,devices/616ad07e-52e7-4293-aba1-2848073e1c33/mtp/objects/Pump/controller/RpmALAct/Actual
737,devices/616ad07e-52e7-4293-aba1-2848073e1c33/mtp/objects/Pump/controller/RpmALEn/Actual
738,devices/616ad07e-52e7-4293-aba1-2848073e1c33/mtp/objects/Pump/controller/RpmALLim/Actual
739,devices/616ad07e-52e7-4293-aba1-2848073e1c33/mtp/objects/Pump/controller/RpmErr/Actual
740,devices/616ad07e-52e7-4293-aba1-2848073e1c33/mtp/objects/Pump/controller/RpmFbk/Actual
741,devices/616ad07e-52e7-4293-aba1-2848073e1c33/mtp/objects/Pump/controller/RpmFbkCalc/Actual
742,devices/616ad07e-52e7-4293-aba1-2848073e1c33/mtp/objects/Pump/controller/RpmInt/Actual
743,devices/616ad07e-52e7-4293-aba1-2848073e1c33/mtp/objects/Pump/controller/RpmMan/Actual
744,devices/616ad07e-52e7-4293-aba1-2848073e1c33/mtp/objects/Pump/controller/RpmMax/Actual
745,devices/616ad07e-52e7-4293-aba1-2848073e1c33/mtp/objects/Pump/controller/RpmMin/Actual
746,devices/616ad07e-52e7-4293-aba1-2848073e1c33/mtp/objects/Pump/controller/RpmRbk/Actual
747,devices/616ad07e-52e7-4293-aba1-2848073e1c33/mtp/objects/Pump/controller/RpmSclMax/Actual
748,devices/616ad07e-52e7-4293-aba1-2848073e1c33/mtp/objects/Pump/controller/RpmSclMin/Actual
749,devices/616ad07e-52e7-4293-aba1-2848073e1c33/mtp/objects/Pump/controller/RpmUnit/Actual
750,devices/616ad07e-52e7-4293-aba1-2848073e1c33/mtp/objects/Pump/controller/SafePos/Actual
751,devices/616ad07e-52e7-4293-aba1-2848073e1c33/mtp/objects/Pump/controller/SafePosAct/Actual
752,devices/616ad07e-52e7-4293-aba1-2848073e1c33/mtp/objects/Pump/controller/SrcChannel/Actual
753,devices/616ad07e-52e7-4293-aba1-2848073e1c33/mtp/objects/Pump/controller/SrcIntAct/Actual
754,devices/616ad07e-52e7-4293-aba1-2848073e1c33/mtp/objects/Pump/controller/SrcIntAut/Actual
755,devices/616ad07e-52e7-4293-aba1-2848073e1c33/mtp/objects/Pump/controller/SrcIntOp/Actual
756,devices/616ad07e-52e7-4293-aba1-2848073e1c33/mtp/objects/Pump/controller/SrcManAct/Actual
757,devices/616ad07e-52e7-4293-aba1-2848073e1c33/mtp/objects/Pump/controller/SrcManAut/Actual
758,devices/616ad07e-52e7-4293-aba1-2848073e1c33/mtp/objects/Pump/controller/SrcManOp/Actual
759,devices/616ad07e-52e7-4293-aba1-2848073e1c33/mtp/objects/Pump/controller/StateAutAct/Actual
760,devices/616ad07e-52e7-4293-aba1-2848073e1c33/mtp/objects/Pump/controller/StateAutAut/Actual
761,devices/616ad07e-52e7-4293-aba1-2848073e1c33/mtp/objects/Pump/controller/StateAutOp/Actual
762,devices/616ad07e-52e7-4293-aba1-2848073e1c33/mtp/objects/Pump/controller/StateChannel/Actual
763,devices/616ad07e-52e7-4293-aba1-2848073e1c33/mtp/objects/Pump/controller/StateOffAct/Actual
764,devices/616ad07e-52e7-4293-aba1-2848073e1c33/mtp/objects/Pump/controller/StateOffAut/Actual
765,devices/616ad07e-52e7-4293-aba1-2848073e1c33/mtp/objects/Pump/controller/StateOffOp/Actual
766,devices/616ad07e-52e7-4293-aba1-2848073e1c33/mtp/objects/Pump/controller/StateOpAct/Actual
767,devices/616ad07e-52e7-4293-aba1-2848073e1c33/mtp/objects/Pump/controller/StateOpAut/Actual
768,devices/616ad07e-52e7-4293-aba1-2848073e1c33/mtp/objects/Pump/controller/StateOpOp/Actual
769,devices/616ad07e-52e7-4293-aba1-2848073e1c33/mtp/objects/Pump/controller/StateOpOp/Setpoint
770,devices/616ad07e-52e7-4293-aba1-2848073e1c33/mtp/objects/Pump/controller/StopAut/Actual
771,devices/616ad07e-52e7-4293-aba1-2848073e1c33/mtp/objects/Pump/controller/StopOp/Actual
772,devices/616ad07e-52e7-4293-aba1-2848073e1c33/mtp/objects/Pump/controller/StopOp/Setpoint
773,devices/616ad07e-52e7-4293-aba1-2848073e1c33/mtp/objects/Pump/controller/TagDescription/Actual
774,devices/616ad07e-52e7-4293-aba1-2848073e1c33/mtp/objects/Pump/controller/TagName/Actual
775,devices/616ad07e-52e7-4293-aba1-2848073e1c33/mtp/objects/Pump/controller/Trip/Actual
776,devices/616ad07e-52e7-4293-aba1-2848073e1c33/mtp/objects/Pump/controller/WQC/Actual
777,devices/616ad07e-52e7-4293-aba1-2848073e1c33/mtp/objects/Pump/current/TagDescription/Actual
778,devices/616ad07e-52e7-4293-aba1-2848073e1c33/mtp/objects/Pump/current/TagName/Actual
779,devices/616ad07e-52e7-4293-aba1-2848073e1c33/mtp/objects/Pump/current/V/Actual
780,devices/616ad07e-52e7-4293-aba1-2848073e1c33/mtp/objects/Pump/current/VSclMax/Actual
781,devices/616ad07e-52e7-4293-aba1-2848073e1c33/mtp/objects/Pump/current/VSclMin/Actual
782,devices/616ad07e-52e7-4293-aba1-2848073e1c33/mtp/objects/Pump/current/VUnit/Actual
783,devices/616ad07e-52e7-4293-aba1-2848073e1c33/mtp/objects/Pump/current/WQC/Actual
784,devices/616ad07e-52e7-4293-aba1-2848073e1c33/mtp/objects/Pump/flow/OSLevel/Actual
785,devices/616ad07e-52e7-4293-aba1-2848073e1c33/mtp/objects/Pump/flow/SrcChannel/Actual
786,devices/616ad07e-52e7-4293-aba1-2848073e1c33/mtp/objects/Pump/flow/SrcIntAct/Actual
787,devices/616ad07e-52e7-4293-aba1-2848073e1c33/mtp/objects/Pump/flow/SrcIntAut/Actual
788,devices/616ad07e-52e7-4293-aba1-2848073e1c33/mtp/objects/Pump/flow/SrcIntOp/Actual
789,devices/616ad07e-52e7-4293-aba1-2848073e1c33/mtp/objects/Pump/flow/SrcManAct/Actual
790,devices/616ad07e-52e7-4293-aba1-2848073e1c33/mtp/objects/Pump/flow/SrcManAut/Actual
791,devices/616ad07e-52e7-4293-aba1-2848073e1c33/mtp/objects/Pump/flow/SrcManOp/Actual
792,devices/616ad07e-52e7-4293-aba1-2848073e1c33/mtp/objects/Pump/flow/TagDescription/Actual
793,devices/616ad07e-52e7-4293-aba1-2848073e1c33/mtp/objects/Pump/flow/TagName/Actual
794,devices/616ad07e-52e7-4293-aba1-2848073e1c33/mtp/objects/Pump/flow/VFbk/Actual
795,devices/616ad07e-52e7-4293-aba1-2848073e1c33/mtp/objects/Pump/flow/VInt/Actual
796,devices/616ad07e-52e7-4293-aba1-2848073e1c33/mtp/objects/Pump/flow/VMan/Actual
797,devices/616ad07e-52e7-4293-aba1-2848073e1c33/mtp/objects/Pump/flow/VMax/Actual
798,devices/616ad07e-52e7-4293-aba1-2848073e1c33/mtp/objects/Pump/flow/VMin/Actual
799,devices/616ad07e-52e7-4293-aba1-2848073e1c33/mtp/objects/Pump/flow/VOut/Actual
800,devices/616ad07e-52e7-4293-aba1-2848073e1c33/mtp/objects/Pump/flow/VRbk/Actual
801,devices/616ad07e-52e7-4293-aba1-2848073e1c33/mtp/objects/Pump/flow/VSclMax/Actual
802,devices/616ad07e-52e7-4293-aba1-2848073e1c33/mtp/objects/Pump/flow/VSclMin/Actual
803,devices/616ad07e-52e7-4293-aba1-2848073e1c33/mtp/objects/Pump/flow/VUnit/Actual
804,devices/616ad07e-52e7-4293-aba1-2848073e1c33/mtp/objects/Pump/flow/WQC/Actual
805,devices/616ad07e-52e7-4293-aba1-2848073e1c33/mtp/objects/Pump/interlockSwitch/OSLevel/Actual
806,devices/616ad07e-52e7-4293-aba1-2848073e1c33/mtp/objects/Pump/interlockSwitch/SrcChannel/Actual
807,devices/616ad07e-52e7-4293-aba1-2848073e1c33/mtp/objects/Pump/interlockSwitch/SrcIntAct/Actual
808,devices/616ad07e-52e7-4293-aba1-2848073e1c33/mtp/objects/Pump/interlockSwitch/SrcIntAut/Actual
809,devices/616ad07e-52e7-4293-aba1-2848073e1c33/mtp/objects/Pump/interlockSwitch/SrcIntOp/Actual
810,devices/616ad07e-52e7-4293-aba1-2848073e1c33/mtp/objects/Pump/interlockSwitch/SrcManAct/Actual
811,devices/616ad07e-52e7-4293-aba1-2848073e1c33/mtp/objects/Pump/interlockSwitch/SrcManAut/Actual
812,devices/616ad07e-52e7-4293-aba1-2848073e1c33/mtp/objects/Pump/interlockSwitch/SrcManOp/Actual
813,devices/616ad07e-52e7-4293-aba1-2848073e1c33/mtp/objects/Pump/interlockSwitch/TagDescription/Actual
814,devices/616ad07e-52e7-4293-aba1-2848073e1c33/mtp/objects/Pump/interlockSwitch/TagName/Actual
815,devices/616ad07e-52e7-4293-aba1-2848073e1c33/mtp/objects/Pump/interlockSwitch/VFbk/Actual
816,devices/616ad07e-52e7-4293-aba1-2848073e1c33/mtp/objects/Pump/interlockSwitch/VInt/Actual
817,devices/616ad07e-52e7-4293-aba1-2848073e1c33/mtp/objects/Pump/interlockSwitch/VMan/Actual
818,devices/616ad07e-52e7-4293-aba1-2848073e1c33/mtp/objects/Pump/interlockSwitch/VMan/Setpoint
819,devices/616ad07e-52e7-4293-aba1-2848073e1c33/mtp/objects/Pump/interlockSwitch/VOut/Actual
820,devices/616ad07e-52e7-4293-aba1-2848073e1c33/mtp/objects/Pump/interlockSwitch/VRbk/Actual
821,devices/616ad07e-52e7-4293-aba1-2848073e1c33/mtp/objects/Pump/interlockSwitch/VState0/Actual
822,devices/616ad07e-52e7-4293-aba1-2848073e1c33/mtp/objects/Pump/interlockSwitch/VState1/Actual
823,devices/616ad07e-52e7-4293-aba1-2848073e1c33/mtp/objects/Pump/interlockSwitch/WQC/Actual
824,devices/616ad07e-52e7-4293-aba1-2848073e1c33/mtp/objects/Pump/metadata/TagDescription/Actual
825,devices/616ad07e-52e7-4293-aba1-2848073e1c33/mtp/objects/Pump/metadata/TagName/Actual
826,devices/616ad07e-52e7-4293-aba1-2848073e1c33/mtp/objects/Pump/metadata/Text/Actual
827,devices/616ad07e-52e7-4293-aba1-2848073e1c33/mtp/objects/Pump/metadata/WQC/Actual
828,devices/616ad07e-52e7-4293-aba1-2848073e1c33/mtp/objects/Pump/moduleIdentificationTrigger/OSLevel/Actual
829,devices/616ad07e-52e7-4293-aba1-2848073e1c33/mtp/objects/Pump/moduleIdentificationTrigger/TagDescription/Actual
830,devices/616ad07e-52e7-4293-aba1-2848073e1c33/mtp/objects/Pump/moduleIdentificationTrigger/TagName/Actual
831,devices/616ad07e-52e7-4293-aba1-2848073e1c33/mtp/objects/Pump/moduleIdentificationTrigger/VFbk/Actual
832,devices/616ad07e-52e7-4293-aba1-2848073e1c33/mtp/objects/Pump/moduleIdentificationTrigger/VMan/Actual
833,devices/616ad07e-52e7-4293-aba1-2848073e1c33/mtp/objects/Pump/moduleIdentificationTrigger/VOut/Actual
834,devices/616ad07e-52e7-4293-aba1-2848073e1c33/mtp/objects/Pump/moduleIdentificationTrigger/VRbk/Actual
835,devices/616ad07e-52e7-4293-aba1-2848073e1c33/mtp/objects/Pump/moduleIdentificationTrigger/VState0/Actual
836,devices/616ad07e-52e7-4293-aba1-2848073e1c33/mtp/objects/Pump/moduleIdentificationTrigger/VState1/Actual
837,devices/616ad07e-52e7-4293-aba1-2848073e1c33/mtp/objects/Pump/motorStatus/TagDescription/Actual
838,devices/616ad07e-52e7-4293-aba1-2848073e1c33/mtp/objects/Pump/motorStatus/TagName/Actual
839,devices/616ad07e-52e7-4293-aba1-2848073e1c33/mtp/objects/Pump/motorStatus/Text/Actual
840,devices/616ad07e-52e7-4293-aba1-2848073e1c33/mtp/objects/Pump/motorStatus/WQC/Actual
841,devices/616ad07e-52e7-4293-aba1-2848073e1c33/mtp/objects/Pump/protectReset/OSLevel/Actual
842,devices/616ad07e-52e7-4293-aba1-2848073e1c33/mtp/objects/Pump/protectReset/SrcChannel/Actual
843,devices/616ad07e-52e7-4293-aba1-2848073e1c33/mtp/objects/Pump/protectReset/SrcIntAct/Actual
844,devices/616ad07e-52e7-4293-aba1-2848073e1c33/mtp/objects/Pump/protectReset/SrcIntAut/Actual
845,devices/616ad07e-52e7-4293-aba1-2848073e1c33/mtp/objects/Pump/protectReset/SrcIntOp/Actual
846,devices/616ad07e-52e7-4293-aba1-2848073e1c33/mtp/objects/Pump/protectReset/SrcManAct/Actual
847,devices/616ad07e-52e7-4293-aba1-2848073e1c33/mtp/objects/Pump/protectReset/SrcManAut/Actual
848,devices/616ad07e-52e7-4293-aba1-2848073e1c33/mtp/objects/Pump/protectReset/SrcManOp/Actual
849,devices/616ad07e-52e7-4293-aba1-2848073e1c33/mtp/objects/Pump/protectReset/TagDescription/Actual
850,devices/616ad07e-52e7-4293-aba1-2848073e1c33/mtp/objects/Pump/protectReset/TagName/Actual
851,devices/616ad07e-52e7-4293-aba1-2848073e1c33/mtp/objects/Pump/protectReset/VFbk/Actual
852,devices/616ad07e-52e7-4293-aba1-2848073e1c33/mtp/objects/Pump/protectReset/VInt/Actual
853,devices/616ad07e-52e7-4293-aba1-2848073e1c33/mtp/objects/Pump/protectReset/VMan/Actual
854,devices/616ad07e-52e7-4293-aba1-2848073e1c33/mtp/objects/Pump/protectReset/VOut/Actual
855,devices/616ad07e-52e7-4293-aba1-2848073e1c33/mtp/objects/Pump/protectReset/VRbk/Actual
856,devices/616ad07e-52e7-4293-aba1-2848073e1c33/mtp/objects/Pump/protectReset/VState0/Actual
857,devices/616ad07e-52e7-4293-aba1-2848073e1c33/mtp/objects/Pump/protectReset/VState1/Actual
858,devices/616ad07e-52e7-4293-aba1-2848073e1c33/mtp/objects/Pump/protectReset/WQC/Actual
859,devices/616ad07e-52e7-4293-aba1-2848073e1c33/mtp/objects/Pump/rpmHighEn/OSLevel/Actual
860,devices/616ad07e-52e7-4293-aba1-2848073e1c33/mtp/objects/Pump/rpmHighEn/TagDescription/Actual
861,devices/616ad07e-52e7-4293-aba1-2848073e1c33/mtp/objects/Pump/rpmHighEn/TagName/Actual
862,devices/616ad07e-52e7-4293-aba1-2848073e1c33/mtp/objects/Pump/rpmHighEn/VFbk/Actual
863,devices/616ad07e-52e7-4293-aba1-2848073e1c33/mtp/objects/Pump/rpmHighEn/VMan/Actual
864,devices/616ad07e-52e7-4293-aba1-2848073e1c33/mtp/objects/Pump/rpmHighEn/VOut/Actual
865,devices/616ad07e-52e7-4293-aba1-2848073e1c33/mtp/objects/Pump/rpmHighEn/VRbk/Actual
866,devices/616ad07e-52e7-4293-aba1-2848073e1c33/mtp/objects/Pump/rpmHighEn/VState0/Actual
867,devices/616ad07e-52e7-4293-aba1-2848073e1c33/mtp/objects/Pump/rpmHighEn/VState1/Actual
868,devices/616ad07e-52e7-4293-aba1-2848073e1c33/mtp/objects/Pump/rpmLowEn/OSLevel/Actual
869,devices/616ad07e-52e7-4293-aba1-2848073e1c33/mtp/objects/Pump/rpmLowEn/TagDescription/Actual
870,devices/616ad07e-52e7-4293-aba1-2848073e1c33/mtp/objects/Pump/rpmLowEn/TagName/Actual
871,devices/616ad07e-52e7-4293-aba1-2848073e1c33/mtp/objects/Pump/rpmLowEn/VFbk/Actual
872,devices/616ad07e-52e7-4293-aba1-2848073e1c33/mtp/objects/Pump/rpmLowEn/VMan/Actual
873,devices/616ad07e-52e7-4293-aba1-2848073e1c33/mtp/objects/Pump/rpmLowEn/VOut/Actual
874,devices/616ad07e-52e7-4293-aba1-2848073e1c33/mtp/objects/Pump/rpmLowEn/VRbk/Actual
875,devices/616ad07e-52e7-4293-aba1-2848073e1c33/mtp/objects/Pump/rpmLowEn/VState0/Actual
876,devices/616ad07e-52e7-4293-aba1-2848073e1c33/mtp/objects/Pump/rpmLowEn/VState1/Actual
877,devices/616ad07e-52e7-4293-aba1-2848073e1c33/mtp/objects/Pump/safePosSwitch/OSLevel/Actual
878,devices/616ad07e-52e7-4293-aba1-2848073e1c33/mtp/objects/Pump/safePosSwitch/SrcChannel/Actual
879,devices/616ad07e-52e7-4293-aba1-2848073e1c33/mtp/objects/Pump/safePosSwitch/SrcIntAct/Actual
880,devices/616ad07e-52e7-4293-aba1-2848073e1c33/mtp/objects/Pump/safePosSwitch/SrcIntAut/Actual
881,devices/616ad07e-52e7-4293-aba1-2848073e1c33/mtp/objects/Pump/safePosSwitch/SrcIntOp/Actual
882,devices/616ad07e-52e7-4293-aba1-2848073e1c33/mtp/objects/Pump/safePosSwitch/SrcManAct/Actual
883,devices/616ad07e-52e7-4293-aba1-2848073e1c33/mtp/objects/Pump/safePosSwitch/SrcManAut/Actual
884,devices/616ad07e-52e7-4293-aba1-2848073e1c33/mtp/objects/Pump/safePosSwitch/SrcManOp/Actual
885,devices/616ad07e-52e7-4293-aba1-2848073e1c33/mtp/objects/Pump/safePosSwitch/TagDescription/Actual
886,devices/616ad07e-52e7-4293-aba1-2848073e1c33/mtp/objects/Pump/safePosSwitch/TagName/Actual
887,devices/616ad07e-52e7-4293-aba1-2848073e1c33/mtp/objects/Pump/safePosSwitch/VFbk/Actual
888,devices/616ad07e-52e7-4293-aba1-2848073e1c33/mtp/objects/Pump/safePosSwitch/VInt/Actual
889,devices/616ad07e-52e7-4293-aba1-2848073e1c33/mtp/objects/Pump/safePosSwitch/VMan/Actual
890,devices/616ad07e-52e7-4293-aba1-2848073e1c33/mtp/objects/Pump/safePosSwitch/VOut/Actual
891,devices/616ad07e-52e7-4293-aba1-2848073e1c33/mtp/objects/Pump/safePosSwitch/VRbk/Actual
892,devices/616ad07e-52e7-4293-aba1-2848073e1c33/mtp/objects/Pump/safePosSwitch/VState0/Actual
893,devices/616ad07e-52e7-4293-aba1-2848073e1c33/mtp/objects/Pump/safePosSwitch/VState1/Actual
894,devices/616ad07e-52e7-4293-aba1-2848073e1c33/mtp/objects/Pump/safePosSwitch/WQC/Actual
895,devices/616ad07e-52e7-4293-aba1-2848073e1c33/mtp/objects/Pump/temperature/TagDescription/Actual
896,devices/616ad07e-52e7-4293-aba1-2848073e1c33/mtp/objects/Pump/temperature/TagName/Actual
897,devices/616ad07e-52e7-4293-aba1-2848073e1c33/mtp/objects/Pump/temperature/V/Actual
898,devices/616ad07e-52e7-4293-aba1-2848073e1c33/mtp/objects/Pump/temperature/VSclMax/Actual
899,devices/616ad07e-52e7-4293-aba1-2848073e1c33/mtp/objects/Pump/temperature/VSclMin/Actual
900,devices/616ad07e-52e7-4293-aba1-2848073e1c33/mtp/objects/Pump/temperature/VUnit/Actual
901,devices/616ad07e-52e7-4293-aba1-2848073e1c33/mtp/objects/Pump/temperature/WQC/Actual
902,devices/616ad07e-52e7-4293-aba1-2848073e1c33/mtp/objects/Pump/totaliser/TagDescription/Actual
903,devices/616ad07e-52e7-4293-aba1-2848073e1c33/mtp/objects/Pump/totaliser/TagName/Actual
904,devices/616ad07e-52e7-4293-aba1-2848073e1c33/mtp/objects/Pump/totaliser/V/Actual
905,devices/616ad07e-52e7-4293-aba1-2848073e1c33/mtp/objects/Pump/totaliser/VSclMax/Actual
906,devices/616ad07e-52e7-4293-aba1-2848073e1c33/mtp/objects/Pump/totaliser/VSclMin/Actual
907,devices/616ad07e-52e7-4293-aba1-2848073e1c33/mtp/objects/Pump/totaliser/VUnit/Actual
908,devices/616ad07e-52e7-4293-aba1-2848073e1c33/mtp/objects/Pump/totaliser/WQC/Actual
909,devices/616ad07e-52e7-4293-aba1-2848073e1c33/mtp/objects/Pump/totaliserReset/OSLevel/Actual
910,devices/616ad07e-52e7-4293-aba1-2848073e1c33/mtp/objects/Pump/totaliserReset/SrcChannel/Actual
911,devices/616ad07e-52e7-4293-aba1-2848073e1c33/mtp/objects/Pump/totaliserReset/SrcIntAct/Actual
912,devices/616ad07e-52e7-4293-aba1-2848073e1c33/mtp/objects/Pump/totaliserReset/SrcIntAut/Actual
913,devices/616ad07e-52e7-4293-aba1-2848073e1c33/mtp/objects/Pump/totaliserReset/SrcIntOp/Actual
914,devices/616ad07e-52e7-4293-aba1-2848073e1c33/mtp/objects/Pump/totaliserReset/SrcManAct/Actual
915,devices/616ad07e-52e7-4293-aba1-2848073e1c33/mtp/objects/Pump/totaliserReset/SrcManAut/Actual
916,devices/616ad07e-52e7-4293-aba1-2848073e1c33/mtp/objects/Pump/totaliserReset/SrcManOp/Actual
917,devices/616ad07e-52e7-4293-aba1-2848073e1c33/mtp/objects/Pump/totaliserReset/TagDescription/Actual
918,devices/616ad07e-52e7-4293-aba1-2848073e1c33/mtp/objects/Pump/totaliserReset/TagName/Actual
919,devices/616ad07e-52e7-4293-aba1-2848073e1c33/mtp/objects/Pump/totaliserReset/VFbk/Actual
920,devices/616ad07e-52e7-4293-aba1-2848073e1c33/mtp/objects/Pump/totaliserReset/VInt/Actual
921,devices/616ad07e-52e7-4293-aba1-2848073e1c33/mtp/objects/Pump/totaliserReset/VMan/Actual
922,devices/616ad07e-52e7-4293-aba1-2848073e1c33/mtp/objects/Pump/totaliserReset/VOut/Actual
923,devices/616ad07e-52e7-4293-aba1-2848073e1c33/mtp/objects/Pump/totaliserReset/VRbk/Actual
924,devices/616ad07e-52e7-4293-aba1-2848073e1c33/mtp/objects/Pump/totaliserReset/VState0/Actual
925,devices/616ad07e-52e7-4293-aba1-2848073e1c33/mtp/objects/Pump/totaliserReset/VState1/Actual
926,devices/616ad07e-52e7-4293-aba1-2848073e1c33/mtp/objects/Pump/totaliserReset/WQC/Actual
927,devices/616ad07e-52e7-4293-aba1-2848073e1c33/mtp/objects/Pump/tubeDescription/OSLevel/Actual
928,devices/616ad07e-52e7-4293-aba1-2848073e1c33/mtp/objects/Pump/tubeDescription/SrcChannel/Actual
929,devices/616ad07e-52e7-4293-aba1-2848073e1c33/mtp/objects/Pump/tubeDescription/SrcIntAct/Actual
930,devices/616ad07e-52e7-4293-aba1-2848073e1c33/mtp/objects/Pump/tubeDescription/SrcIntAut/Actual
931,devices/616ad07e-52e7-4293-aba1-2848073e1c33/mtp/objects/Pump/tubeDescription/SrcIntOp/Actual
932,devices/616ad07e-52e7-4293-aba1-2848073e1c33/mtp/objects/Pump/tubeDescription/SrcManAct/Actual
933,devices/616ad07e-52e7-4293-aba1-2848073e1c33/mtp/objects/Pump/tubeDescription/SrcManAut/Actual
934,devices/616ad07e-52e7-4293-aba1-2848073e1c33/mtp/objects/Pump/tubeDescription/SrcManOp/Actual
935,devices/616ad07e-52e7-4293-aba1-2848073e1c33/mtp/objects/Pump/tubeDescription/TagDescription/Actual
936,devices/616ad07e-52e7-4293-aba1-2848073e1c33/mtp/objects/Pump/tubeDescription/TagName/Actual
937,devices/616ad07e-52e7-4293-aba1-2848073e1c33/mtp/objects/Pump/tubeDescription/VFbk/Actual
938,devices/616ad07e-52e7-4293-aba1-2848073e1c33/mtp/objects/Pump/tubeDescription/VInt/Actual
939,devices/616ad07e-52e7-4293-aba1-2848073e1c33/mtp/objects/Pump/tubeDescription/VMan/Actual
940,devices/616ad07e-52e7-4293-aba1-2848073e1c33/mtp/objects/Pump/tubeDescription/VOut/Actual
941,devices/616ad07e-52e7-4293-aba1-2848073e1c33/mtp/objects/Pump/tubeDescription/VRbk/Actual
942,devices/616ad07e-52e7-4293-aba1-2848073e1c33/mtp/objects/Pump/tubeDescription/WQC/Actual
943,devices/616ad07e-52e7-4293-aba1-2848073e1c33/status/connection_status
944,devices/616ad07e-52e7-4293-aba1-2848073e1c33/status/uptime
945,devices/ae8f16e0-b975-43df-9fd7-cba7530be7c9/assigned_to_batch
946,devices/ae8f16e0-b975-43df-9fd7-cba7530be7c9/assigned_to_pnid
947,devices/ae8f16e0-b975-43df-9fd7-cba7530be7c9/assigned_to_process
948,devices/ae8f16e0-b975-43df-9fd7-cba7530be7c9/assigned_to_system
949,devices/ae8f16e0-b975-43df-9fd7-cba7530be7c9/diagnostics/CoreBoard/Text/Actual
950,devices/ae8f16e0-b975-43df-9fd7-cba7530be7c9/metadata
951,devices/ae8f16e0-b975-43df-9fd7-cba7530be7c9/mtp/objects/Pump/coefficient/OSLevel/Actual
952,devices/ae8f16e0-b975-43df-9fd7-cba7530be7c9/mtp/objects/Pump/coefficient/SrcChannel/Actual
953,devices/ae8f16e0-b975-43df-9fd7-cba7530be7c9/mtp/objects/Pump/coefficient/SrcIntAct/Actual
954,devices/ae8f16e0-b975-43df-9fd7-cba7530be7c9/mtp/objects/Pump/coefficient/SrcIntAut/Actual
955,devices/ae8f16e0-b975-43df-9fd7-cba7530be7c9/mtp/objects/Pump/coefficient/SrcIntOp/Actual
956,devices/ae8f16e0-b975-43df-9fd7-cba7530be7c9/mtp/objects/Pump/coefficient/SrcManAct/Actual
957,devices/ae8f16e0-b975-43df-9fd7-cba7530be7c9/mtp/objects/Pump/coefficient/SrcManAut/Actual
958,devices/ae8f16e0-b975-43df-9fd7-cba7530be7c9/mtp/objects/Pump/coefficient/SrcManOp/Actual
959,devices/ae8f16e0-b975-43df-9fd7-cba7530be7c9/mtp/objects/Pump/coefficient/TagDescription/Actual
960,devices/ae8f16e0-b975-43df-9fd7-cba7530be7c9/mtp/objects/Pump/coefficient/TagName/Actual
961,devices/ae8f16e0-b975-43df-9fd7-cba7530be7c9/mtp/objects/Pump/coefficient/VFbk/Actual
962,devices/ae8f16e0-b975-43df-9fd7-cba7530be7c9/mtp/objects/Pump/coefficient/VInt/Actual
963,devices/ae8f16e0-b975-43df-9fd7-cba7530be7c9/mtp/objects/Pump/coefficient/VMan/Actual
964,devices/ae8f16e0-b975-43df-9fd7-cba7530be7c9/mtp/objects/Pump/coefficient/VMax/Actual
965,devices/ae8f16e0-b975-43df-9fd7-cba7530be7c9/mtp/objects/Pump/coefficient/VMin/Actual
966,devices/ae8f16e0-b975-43df-9fd7-cba7530be7c9/mtp/objects/Pump/coefficient/VOut/Actual
967,devices/ae8f16e0-b975-43df-9fd7-cba7530be7c9/mtp/objects/Pump/coefficient/VRbk/Actual
968,devices/ae8f16e0-b975-43df-9fd7-cba7530be7c9/mtp/objects/Pump/coefficient/VSclMax/Actual
969,devices/ae8f16e0-b975-43df-9fd7-cba7530be7c9/mtp/objects/Pump/coefficient/VSclMin/Actual
970,devices/ae8f16e0-b975-43df-9fd7-cba7530be7c9/mtp/objects/Pump/coefficient/VUnit/Actual
971,devices/ae8f16e0-b975-43df-9fd7-cba7530be7c9/mtp/objects/Pump/coefficient/WQC/Actual
972,devices/ae8f16e0-b975-43df-9fd7-cba7530be7c9/mtp/objects/Pump/controller/FwdAut/Actual
973,devices/ae8f16e0-b975-43df-9fd7-cba7530be7c9/mtp/objects/Pump/controller/FwdCtrl/Actual
974,devices/ae8f16e0-b975-43df-9fd7-cba7530be7c9/mtp/objects/Pump/controller/FwdEn/Actual
975,devices/ae8f16e0-b975-43df-9fd7-cba7530be7c9/mtp/objects/Pump/controller/FwdFbk/Actual
976,devices/ae8f16e0-b975-43df-9fd7-cba7530be7c9/mtp/objects/Pump/controller/FwdFbkCalc/Actual
977,devices/ae8f16e0-b975-43df-9fd7-cba7530be7c9/mtp/objects/Pump/controller/FwdOp/Actual
978,devices/ae8f16e0-b975-43df-9fd7-cba7530be7c9/mtp/objects/Pump/controller/FwdOp/Setpoint
979,devices/ae8f16e0-b975-43df-9fd7-cba7530be7c9/mtp/objects/Pump/controller/Interlock/Actual
980,devices/ae8f16e0-b975-43df-9fd7-cba7530be7c9/mtp/objects/Pump/controller/IntlEn/Actual
981,devices/ae8f16e0-b975-43df-9fd7-cba7530be7c9/mtp/objects/Pump/controller/MonDynErr/Actual
982,devices/ae8f16e0-b975-43df-9fd7-cba7530be7c9/mtp/objects/Pump/controller/MonDynTi/Actual
983,devices/ae8f16e0-b975-43df-9fd7-cba7530be7c9/mtp/objects/Pump/controller/MonEn/Actual
984,devices/ae8f16e0-b975-43df-9fd7-cba7530be7c9/mtp/objects/Pump/controller/MonSafePos/Actual
985,devices/ae8f16e0-b975-43df-9fd7-cba7530be7c9/mtp/objects/Pump/controller/MonStatErr/Actual
986,devices/ae8f16e0-b975-43df-9fd7-cba7530be7c9/mtp/objects/Pump/controller/MonStatTi/Actual
987,devices/ae8f16e0-b975-43df-9fd7-cba7530be7c9/mtp/objects/Pump/controller/OSLevel/Actual
988,devices/ae8f16e0-b975-43df-9fd7-cba7530be7c9/mtp/objects/Pump/controller/PermEn/Actual
989,devices/ae8f16e0-b975-43df-9fd7-cba7530be7c9/mtp/objects/Pump/controller/Permit/Actual
990,devices/ae8f16e0-b975-43df-9fd7-cba7530be7c9/mtp/objects/Pump/controller/ProtEn/Actual
991,devices/ae8f16e0-b975-43df-9fd7-cba7530be7c9/mtp/objects/Pump/controller/Protect/Actual
992,devices/ae8f16e0-b975-43df-9fd7-cba7530be7c9/mtp/objects/Pump/controller/ResetAut/Actual
993,devices/ae8f16e0-b975-43df-9fd7-cba7530be7c9/mtp/objects/Pump/controller/ResetOp/Actual
994,devices/ae8f16e0-b975-43df-9fd7-cba7530be7c9/mtp/objects/Pump/controller/RevAut/Actual
995,devices/ae8f16e0-b975-43df-9fd7-cba7530be7c9/mtp/objects/Pump/controller/RevCtrl/Actual
996,devices/ae8f16e0-b975-43df-9fd7-cba7530be7c9/mtp/objects/Pump/controller/RevEn/Actual
997,devices/ae8f16e0-b975-43df-9fd7-cba7530be7c9/mtp/objects/Pump/controller/RevFbk/Actual
998,devices/ae8f16e0-b975-43df-9fd7-cba7530be7c9/mtp/objects/Pump/controller/RevFbkCalc/Actual
999,devices/ae8f16e0-b975-43df-9fd7-cba7530be7c9/mtp/objects/Pump/controller/RevOp/Actual
1000,devices/ae8f16e0-b975-43df-9fd7-cba7530be7c9/mtp/objects/Pump/controller/Rpm/Actual
1001,devices/ae8f16e0-b975-43df-9fd7-cba7530be7c9/mtp/objects/Pump/controller/RpmAHAct/Actual
1002,devices/ae8f16e0-b975-43df-9fd7-cba7530be7c9/mtp/objects/Pump/controller/RpmAHEn/Actual
1003,devices/ae8f16e0-b975-43df-9fd7-cba7530be7c9/mtp/objects/Pump/controller/RpmAHLim/Actual
1004,devices/ae8f16e0-b975-43df-9fd7-cba7530be7c9/mtp/objects/Pump/controller/RpmALAct/Actual
1005,devices/ae8f16e0-b975-43df-9fd7-cba7530be7c9/mtp/objects/Pump/controller/RpmALEn/Actual
1006,devices/ae8f16e0-b975-43df-9fd7-cba7530be7c9/mtp/objects/Pump/controller/RpmALLim/Actual
1007,devices/ae8f16e0-b975-43df-9fd7-cba7530be7c9/mtp/objects/Pump/controller/RpmErr/Actual
1008,devices/ae8f16e0-b975-43df-9fd7-cba7530be7c9/mtp/objects/Pump/controller/RpmFbk/Actual
1009,devices/ae8f16e0-b975-43df-9fd7-cba7530be7c9/mtp/objects/Pump/controller/RpmFbkCalc/Actual
1010,devices/ae8f16e0-b975-43df-9fd7-cba7530be7c9/mtp/objects/Pump/controller/RpmInt/Actual
1011,devices/ae8f16e0-b975-43df-9fd7-cba7530be7c9/mtp/objects/Pump/controller/RpmMan/Actual
1012,devices/ae8f16e0-b975-43df-9fd7-cba7530be7c9/mtp/objects/Pump/controller/RpmMax/Actual
1013,devices/ae8f16e0-b975-43df-9fd7-cba7530be7c9/mtp/objects/Pump/controller/RpmMin/Actual
1014,devices/ae8f16e0-b975-43df-9fd7-cba7530be7c9/mtp/objects/Pump/controller/RpmRbk/Actual
1015,devices/ae8f16e0-b975-43df-9fd7-cba7530be7c9/mtp/objects/Pump/controller/RpmSclMax/Actual
1016,devices/ae8f16e0-b975-43df-9fd7-cba7530be7c9/mtp/objects/Pump/controller/RpmSclMin/Actual
1017,devices/ae8f16e0-b975-43df-9fd7-cba7530be7c9/mtp/objects/Pump/controller/RpmUnit/Actual
1018,devices/ae8f16e0-b975-43df-9fd7-cba7530be7c9/mtp/objects/Pump/controller/SafePos/Actual
1019,devices/ae8f16e0-b975-43df-9fd7-cba7530be7c9/mtp/objects/Pump/controller/SafePosAct/Actual
1020,devices/ae8f16e0-b975-43df-9fd7-cba7530be7c9/mtp/objects/Pump/controller/SrcChannel/Actual
1021,devices/ae8f16e0-b975-43df-9fd7-cba7530be7c9/mtp/objects/Pump/controller/SrcIntAct/Actual
1022,devices/ae8f16e0-b975-43df-9fd7-cba7530be7c9/mtp/objects/Pump/controller/SrcIntAut/Actual
1023,devices/ae8f16e0-b975-43df-9fd7-cba7530be7c9/mtp/objects/Pump/controller/SrcIntOp/Actual
1024,devices/ae8f16e0-b975-43df-9fd7-cba7530be7c9/mtp/objects/Pump/controller/SrcManAct/Actual
1025,devices/ae8f16e0-b975-43df-9fd7-cba7530be7c9/mtp/objects/Pump/controller/SrcManAut/Actual
1026,devices/ae8f16e0-b975-43df-9fd7-cba7530be7c9/mtp/objects/Pump/controller/SrcManOp/Actual
1027,devices/ae8f16e0-b975-43df-9fd7-cba7530be7c9/mtp/objects/Pump/controller/StateAutAct/Actual
1028,devices/ae8f16e0-b975-43df-9fd7-cba7530be7c9/mtp/objects/Pump/controller/StateAutAut/Actual
1029,devices/ae8f16e0-b975-43df-9fd7-cba7530be7c9/mtp/objects/Pump/controller/StateAutOp/Actual
1030,devices/ae8f16e0-b975-43df-9fd7-cba7530be7c9/mtp/objects/Pump/controller/StateChannel/Actual
1031,devices/ae8f16e0-b975-43df-9fd7-cba7530be7c9/mtp/objects/Pump/controller/StateOffAct/Actual
1032,devices/ae8f16e0-b975-43df-9fd7-cba7530be7c9/mtp/objects/Pump/controller/StateOffAut/Actual
1033,devices/ae8f16e0-b975-43df-9fd7-cba7530be7c9/mtp/objects/Pump/controller/StateOffOp/Actual
1034,devices/ae8f16e0-b975-43df-9fd7-cba7530be7c9/mtp/objects/Pump/controller/StateOpAct/Actual
1035,devices/ae8f16e0-b975-43df-9fd7-cba7530be7c9/mtp/objects/Pump/controller/StateOpAut/Actual
1036,devices/ae8f16e0-b975-43df-9fd7-cba7530be7c9/mtp/objects/Pump/controller/StateOpOp/Actual
1037,devices/ae8f16e0-b975-43df-9fd7-cba7530be7c9/mtp/objects/Pump/controller/StopAut/Actual
1038,devices/ae8f16e0-b975-43df-9fd7-cba7530be7c9/mtp/objects/Pump/controller/StopOp/Actual
1039,devices/ae8f16e0-b975-43df-9fd7-cba7530be7c9/mtp/objects/Pump/controller/StopOp/Setpoint
1040,devices/ae8f16e0-b975-43df-9fd7-cba7530be7c9/mtp/objects/Pump/controller/TagDescription/Actual
1041,devices/ae8f16e0-b975-43df-9fd7-cba7530be7c9/mtp/objects/Pump/controller/TagName/Actual
1042,devices/ae8f16e0-b975-43df-9fd7-cba7530be7c9/mtp/objects/Pump/controller/Trip/Actual
1043,devices/ae8f16e0-b975-43df-9fd7-cba7530be7c9/mtp/objects/Pump/controller/WQC/Actual
1044,devices/ae8f16e0-b975-43df-9fd7-cba7530be7c9/mtp/objects/Pump/current/TagDescription/Actual
1045,devices/ae8f16e0-b975-43df-9fd7-cba7530be7c9/mtp/objects/Pump/current/TagName/Actual
1046,devices/ae8f16e0-b975-43df-9fd7-cba7530be7c9/mtp/objects/Pump/current/V/Actual
1047,devices/ae8f16e0-b975-43df-9fd7-cba7530be7c9/mtp/objects/Pump/current/VSclMax/Actual
1048,devices/ae8f16e0-b975-43df-9fd7-cba7530be7c9/mtp/objects/Pump/current/VSclMin/Actual
1049,devices/ae8f16e0-b975-43df-9fd7-cba7530be7c9/mtp/objects/Pump/current/VUnit/Actual
1050,devices/ae8f16e0-b975-43df-9fd7-cba7530be7c9/mtp/objects/Pump/current/WQC/Actual
1051,devices/ae8f16e0-b975-43df-9fd7-cba7530be7c9/mtp/objects/Pump/flow/OSLevel/Actual
1052,devices/ae8f16e0-b975-43df-9fd7-cba7530be7c9/mtp/objects/Pump/flow/SrcChannel/Actual
1053,devices/ae8f16e0-b975-43df-9fd7-cba7530be7c9/mtp/objects/Pump/flow/SrcIntAct/Actual
1054,devices/ae8f16e0-b975-43df-9fd7-cba7530be7c9/mtp/objects/Pump/flow/SrcIntAut/Actual
1055,devices/ae8f16e0-b975-43df-9fd7-cba7530be7c9/mtp/objects/Pump/flow/SrcIntOp/Actual
1056,devices/ae8f16e0-b975-43df-9fd7-cba7530be7c9/mtp/objects/Pump/flow/SrcManAct/Actual
1057,devices/ae8f16e0-b975-43df-9fd7-cba7530be7c9/mtp/objects/Pump/flow/SrcManAut/Actual
1058,devices/ae8f16e0-b975-43df-9fd7-cba7530be7c9/mtp/objects/Pump/flow/SrcManOp/Actual
1059,devices/ae8f16e0-b975-43df-9fd7-cba7530be7c9/mtp/objects/Pump/flow/TagDescription/Actual
1060,devices/ae8f16e0-b975-43df-9fd7-cba7530be7c9/mtp/objects/Pump/flow/TagName/Actual
1061,devices/ae8f16e0-b975-43df-9fd7-cba7530be7c9/mtp/objects/Pump/flow/VFbk/Actual
1062,devices/ae8f16e0-b975-43df-9fd7-cba7530be7c9/mtp/objects/Pump/flow/VInt/Actual
1063,devices/ae8f16e0-b975-43df-9fd7-cba7530be7c9/mtp/objects/Pump/flow/VMan/Actual
1064,devices/ae8f16e0-b975-43df-9fd7-cba7530be7c9/mtp/objects/Pump/flow/VMax/Actual
1065,devices/ae8f16e0-b975-43df-9fd7-cba7530be7c9/mtp/objects/Pump/flow/VMin/Actual
1066,devices/ae8f16e0-b975-43df-9fd7-cba7530be7c9/mtp/objects/Pump/flow/VOut/Actual
1067,devices/ae8f16e0-b975-43df-9fd7-cba7530be7c9/mtp/objects/Pump/flow/VRbk/Actual
1068,devices/ae8f16e0-b975-43df-9fd7-cba7530be7c9/mtp/objects/Pump/flow/VSclMax/Actual
1069,devices/ae8f16e0-b975-43df-9fd7-cba7530be7c9/mtp/objects/Pump/flow/VSclMin/Actual
1070,devices/ae8f16e0-b975-43df-9fd7-cba7530be7c9/mtp/objects/Pump/flow/VUnit/Actual
1071,devices/ae8f16e0-b975-43df-9fd7-cba7530be7c9/mtp/objects/Pump/flow/WQC/Actual
1072,devices/ae8f16e0-b975-43df-9fd7-cba7530be7c9/mtp/objects/Pump/interlockSwitch/OSLevel/Actual
1073,devices/ae8f16e0-b975-43df-9fd7-cba7530be7c9/mtp/objects/Pump/interlockSwitch/SrcChannel/Actual
1074,devices/ae8f16e0-b975-43df-9fd7-cba7530be7c9/mtp/objects/Pump/interlockSwitch/SrcIntAct/Actual
1075,devices/ae8f16e0-b975-43df-9fd7-cba7530be7c9/mtp/objects/Pump/interlockSwitch/SrcIntAut/Actual
1076,devices/ae8f16e0-b975-43df-9fd7-cba7530be7c9/mtp/objects/Pump/interlockSwitch/SrcIntOp/Actual
1077,devices/ae8f16e0-b975-43df-9fd7-cba7530be7c9/mtp/objects/Pump/interlockSwitch/SrcManAct/Actual
1078,devices/ae8f16e0-b975-43df-9fd7-cba7530be7c9/mtp/objects/Pump/interlockSwitch/SrcManAut/Actual
1079,devices/ae8f16e0-b975-43df-9fd7-cba7530be7c9/mtp/objects/Pump/interlockSwitch/SrcManOp/Actual
1080,devices/ae8f16e0-b975-43df-9fd7-cba7530be7c9/mtp/objects/Pump/interlockSwitch/TagDescription/Actual
1081,devices/ae8f16e0-b975-43df-9fd7-cba7530be7c9/mtp/objects/Pump/interlockSwitch/TagName/Actual
1082,devices/ae8f16e0-b975-43df-9fd7-cba7530be7c9/mtp/objects/Pump/interlockSwitch/VFbk/Actual
1083,devices/ae8f16e0-b975-43df-9fd7-cba7530be7c9/mtp/objects/Pump/interlockSwitch/VInt/Actual
1084,devices/ae8f16e0-b975-43df-9fd7-cba7530be7c9/mtp/objects/Pump/interlockSwitch/VMan/Actual
1085,devices/ae8f16e0-b975-43df-9fd7-cba7530be7c9/mtp/objects/Pump/interlockSwitch/VMan/Setpoint
1086,devices/ae8f16e0-b975-43df-9fd7-cba7530be7c9/mtp/objects/Pump/interlockSwitch/VOut/Actual
1087,devices/ae8f16e0-b975-43df-9fd7-cba7530be7c9/mtp/objects/Pump/interlockSwitch/VRbk/Actual
1088,devices/ae8f16e0-b975-43df-9fd7-cba7530be7c9/mtp/objects/Pump/interlockSwitch/VState0/Actual
1089,devices/ae8f16e0-b975-43df-9fd7-cba7530be7c9/mtp/objects/Pump/interlockSwitch/VState1/Actual
1090,devices/ae8f16e0-b975-43df-9fd7-cba7530be7c9/mtp/objects/Pump/interlockSwitch/WQC/Actual
1091,devices/ae8f16e0-b975-43df-9fd7-cba7530be7c9/mtp/objects/Pump/metadata/TagDescription/Actual
1092,devices/ae8f16e0-b975-43df-9fd7-cba7530be7c9/mtp/objects/Pump/metadata/TagName/Actual
1093,devices/ae8f16e0-b975-43df-9fd7-cba7530be7c9/mtp/objects/Pump/metadata/Text/Actual
1094,devices/ae8f16e0-b975-43df-9fd7-cba7530be7c9/mtp/objects/Pump/metadata/WQC/Actual
1095,devices/ae8f16e0-b975-43df-9fd7-cba7530be7c9/mtp/objects/Pump/moduleIdentificationTrigger/OSLevel/Actual
1096,devices/ae8f16e0-b975-43df-9fd7-cba7530be7c9/mtp/objects/Pump/moduleIdentificationTrigger/TagDescription/Actual
1097,devices/ae8f16e0-b975-43df-9fd7-cba7530be7c9/mtp/objects/Pump/moduleIdentificationTrigger/TagName/Actual
1098,devices/ae8f16e0-b975-43df-9fd7-cba7530be7c9/mtp/objects/Pump/moduleIdentificationTrigger/VFbk/Actual
1099,devices/ae8f16e0-b975-43df-9fd7-cba7530be7c9/mtp/objects/Pump/moduleIdentificationTrigger/VMan/Actual
1100,devices/ae8f16e0-b975-43df-9fd7-cba7530be7c9/mtp/objects/Pump/moduleIdentificationTrigger/VOut/Actual
1101,devices/ae8f16e0-b975-43df-9fd7-cba7530be7c9/mtp/objects/Pump/moduleIdentificationTrigger/VRbk/Actual
1102,devices/ae8f16e0-b975-43df-9fd7-cba7530be7c9/mtp/objects/Pump/moduleIdentificationTrigger/VState0/Actual
1103,devices/ae8f16e0-b975-43df-9fd7-cba7530be7c9/mtp/objects/Pump/moduleIdentificationTrigger/VState1/Actual
1104,devices/ae8f16e0-b975-43df-9fd7-cba7530be7c9/mtp/objects/Pump/motorStatus/TagDescription/Actual
1105,devices/ae8f16e0-b975-43df-9fd7-cba7530be7c9/mtp/objects/Pump/motorStatus/TagName/Actual
1106,devices/ae8f16e0-b975-43df-9fd7-cba7530be7c9/mtp/objects/Pump/motorStatus/Text/Actual
1107,devices/ae8f16e0-b975-43df-9fd7-cba7530be7c9/mtp/objects/Pump/motorStatus/WQC/Actual
1108,devices/ae8f16e0-b975-43df-9fd7-cba7530be7c9/mtp/objects/Pump/protectReset/OSLevel/Actual
1109,devices/ae8f16e0-b975-43df-9fd7-cba7530be7c9/mtp/objects/Pump/protectReset/SrcChannel/Actual
1110,devices/ae8f16e0-b975-43df-9fd7-cba7530be7c9/mtp/objects/Pump/protectReset/SrcIntAct/Actual
1111,devices/ae8f16e0-b975-43df-9fd7-cba7530be7c9/mtp/objects/Pump/protectReset/SrcIntAut/Actual
1112,devices/ae8f16e0-b975-43df-9fd7-cba7530be7c9/mtp/objects/Pump/protectReset/SrcIntOp/Actual
1113,devices/ae8f16e0-b975-43df-9fd7-cba7530be7c9/mtp/objects/Pump/protectReset/SrcManAct/Actual
1114,devices/ae8f16e0-b975-43df-9fd7-cba7530be7c9/mtp/objects/Pump/protectReset/SrcManAut/Actual
1115,devices/ae8f16e0-b975-43df-9fd7-cba7530be7c9/mtp/objects/Pump/protectReset/SrcManOp/Actual
1116,devices/ae8f16e0-b975-43df-9fd7-cba7530be7c9/mtp/objects/Pump/protectReset/TagDescription/Actual
1117,devices/ae8f16e0-b975-43df-9fd7-cba7530be7c9/mtp/objects/Pump/protectReset/TagName/Actual
1118,devices/ae8f16e0-b975-43df-9fd7-cba7530be7c9/mtp/objects/Pump/protectReset/VFbk/Actual
1119,devices/ae8f16e0-b975-43df-9fd7-cba7530be7c9/mtp/objects/Pump/protectReset/VInt/Actual
1120,devices/ae8f16e0-b975-43df-9fd7-cba7530be7c9/mtp/objects/Pump/protectReset/VMan/Actual
1121,devices/ae8f16e0-b975-43df-9fd7-cba7530be7c9/mtp/objects/Pump/protectReset/VOut/Actual
1122,devices/ae8f16e0-b975-43df-9fd7-cba7530be7c9/mtp/objects/Pump/protectReset/VRbk/Actual
1123,devices/ae8f16e0-b975-43df-9fd7-cba7530be7c9/mtp/objects/Pump/protectReset/VState0/Actual
1124,devices/ae8f16e0-b975-43df-9fd7-cba7530be7c9/mtp/objects/Pump/protectReset/VState1/Actual
1125,devices/ae8f16e0-b975-43df-9fd7-cba7530be7c9/mtp/objects/Pump/protectReset/WQC/Actual
1126,devices/ae8f16e0-b975-43df-9fd7-cba7530be7c9/mtp/objects/Pump/rpmHighEn/OSLevel/Actual
1127,devices/ae8f16e0-b975-43df-9fd7-cba7530be7c9/mtp/objects/Pump/rpmHighEn/TagDescription/Actual
1128,devices/ae8f16e0-b975-43df-9fd7-cba7530be7c9/mtp/objects/Pump/rpmHighEn/TagName/Actual
1129,devices/ae8f16e0-b975-43df-9fd7-cba7530be7c9/mtp/objects/Pump/rpmHighEn/VFbk/Actual
1130,devices/ae8f16e0-b975-43df-9fd7-cba7530be7c9/mtp/objects/Pump/rpmHighEn/VMan/Actual
1131,devices/ae8f16e0-b975-43df-9fd7-cba7530be7c9/mtp/objects/Pump/rpmHighEn/VOut/Actual
1132,devices/ae8f16e0-b975-43df-9fd7-cba7530be7c9/mtp/objects/Pump/rpmHighEn/VRbk/Actual
1133,devices/ae8f16e0-b975-43df-9fd7-cba7530be7c9/mtp/objects/Pump/rpmHighEn/VState0/Actual
1134,devices/ae8f16e0-b975-43df-9fd7-cba7530be7c9/mtp/objects/Pump/rpmHighEn/VState1/Actual
1135,devices/ae8f16e0-b975-43df-9fd7-cba7530be7c9/mtp/objects/Pump/rpmLowEn/OSLevel/Actual
1136,devices/ae8f16e0-b975-43df-9fd7-cba7530be7c9/mtp/objects/Pump/rpmLowEn/TagDescription/Actual
1137,devices/ae8f16e0-b975-43df-9fd7-cba7530be7c9/mtp/objects/Pump/rpmLowEn/TagName/Actual
1138,devices/ae8f16e0-b975-43df-9fd7-cba7530be7c9/mtp/objects/Pump/rpmLowEn/VFbk/Actual
1139,devices/ae8f16e0-b975-43df-9fd7-cba7530be7c9/mtp/objects/Pump/rpmLowEn/VMan/Actual
1140,devices/ae8f16e0-b975-43df-9fd7-cba7530be7c9/mtp/objects/Pump/rpmLowEn/VOut/Actual
1141,devices/ae8f16e0-b975-43df-9fd7-cba7530be7c9/mtp/objects/Pump/rpmLowEn/VRbk/Actual
1142,devices/ae8f16e0-b975-43df-9fd7-cba7530be7c9/mtp/objects/Pump/rpmLowEn/VState0/Actual
1143,devices/ae8f16e0-b975-43df-9fd7-cba7530be7c9/mtp/objects/Pump/rpmLowEn/VState1/Actual
1144,devices/ae8f16e0-b975-43df-9fd7-cba7530be7c9/mtp/objects/Pump/safePosSwitch/OSLevel/Actual
1145,devices/ae8f16e0-b975-43df-9fd7-cba7530be7c9/mtp/objects/Pump/safePosSwitch/SrcChannel/Actual
1146,devices/ae8f16e0-b975-43df-9fd7-cba7530be7c9/mtp/objects/Pump/safePosSwitch/SrcIntAct/Actual
1147,devices/ae8f16e0-b975-43df-9fd7-cba7530be7c9/mtp/objects/Pump/safePosSwitch/SrcIntAut/Actual
1148,devices/ae8f16e0-b975-43df-9fd7-cba7530be7c9/mtp/objects/Pump/safePosSwitch/SrcIntOp/Actual
1149,devices/ae8f16e0-b975-43df-9fd7-cba7530be7c9/mtp/objects/Pump/safePosSwitch/SrcManAct/Actual
1150,devices/ae8f16e0-b975-43df-9fd7-cba7530be7c9/mtp/objects/Pump/safePosSwitch/SrcManAut/Actual
1151,devices/ae8f16e0-b975-43df-9fd7-cba7530be7c9/mtp/objects/Pump/safePosSwitch/SrcManOp/Actual
1152,devices/ae8f16e0-b975-43df-9fd7-cba7530be7c9/mtp/objects/Pump/safePosSwitch/TagDescription/Actual
1153,devices/ae8f16e0-b975-43df-9fd7-cba7530be7c9/mtp/objects/Pump/safePosSwitch/TagName/Actual
1154,devices/ae8f16e0-b975-43df-9fd7-cba7530be7c9/mtp/objects/Pump/safePosSwitch/VFbk/Actual
1155,devices/ae8f16e0-b975-43df-9fd7-cba7530be7c9/mtp/objects/Pump/safePosSwitch/VInt/Actual
1156,devices/ae8f16e0-b975-43df-9fd7-cba7530be7c9/mtp/objects/Pump/safePosSwitch/VMan/Actual
1157,devices/ae8f16e0-b975-43df-9fd7-cba7530be7c9/mtp/objects/Pump/safePosSwitch/VOut/Actual
1158,devices/ae8f16e0-b975-43df-9fd7-cba7530be7c9/mtp/objects/Pump/safePosSwitch/VRbk/Actual
1159,devices/ae8f16e0-b975-43df-9fd7-cba7530be7c9/mtp/objects/Pump/safePosSwitch/VState0/Actual
1160,devices/ae8f16e0-b975-43df-9fd7-cba7530be7c9/mtp/objects/Pump/safePosSwitch/VState1/Actual
1161,devices/ae8f16e0-b975-43df-9fd7-cba7530be7c9/mtp/objects/Pump/safePosSwitch/WQC/Actual
1162,devices/ae8f16e0-b975-43df-9fd7-cba7530be7c9/mtp/objects/Pump/temperature/TagDescription/Actual
1163,devices/ae8f16e0-b975-43df-9fd7-cba7530be7c9/mtp/objects/Pump/temperature/TagName/Actual
1164,devices/ae8f16e0-b975-43df-9fd7-cba7530be7c9/mtp/objects/Pump/temperature/V/Actual
1165,devices/ae8f16e0-b975-43df-9fd7-cba7530be7c9/mtp/objects/Pump/temperature/VSclMax/Actual
1166,devices/ae8f16e0-b975-43df-9fd7-cba7530be7c9/mtp/objects/Pump/temperature/VSclMin/Actual
1167,devices/ae8f16e0-b975-43df-9fd7-cba7530be7c9/mtp/objects/Pump/temperature/VUnit/Actual
1168,devices/ae8f16e0-b975-43df-9fd7-cba7530be7c9/mtp/objects/Pump/temperature/WQC/Actual
1169,devices/ae8f16e0-b975-43df-9fd7-cba7530be7c9/mtp/objects/Pump/totaliser/TagDescription/Actual
1170,devices/ae8f16e0-b975-43df-9fd7-cba7530be7c9/mtp/objects/Pump/totaliser/TagName/Actual
1171,devices/ae8f16e0-b975-43df-9fd7-cba7530be7c9/mtp/objects/Pump/totaliser/V/Actual
1172,devices/ae8f16e0-b975-43df-9fd7-cba7530be7c9/mtp/objects/Pump/totaliser/VSclMax/Actual
1173,devices/ae8f16e0-b975-43df-9fd7-cba7530be7c9/mtp/objects/Pump/totaliser/VSclMin/Actual
1174,devices/ae8f16e0-b975-43df-9fd7-cba7530be7c9/mtp/objects/Pump/totaliser/VUnit/Actual
1175,devices/ae8f16e0-b975-43df-9fd7-cba7530be7c9/mtp/objects/Pump/totaliser/WQC/Actual
1176,devices/ae8f16e0-b975-43df-9fd7-cba7530be7c9/mtp/objects/Pump/totaliserReset/OSLevel/Actual
1177,devices/ae8f16e0-b975-43df-9fd7-cba7530be7c9/mtp/objects/Pump/totaliserReset/SrcChannel/Actual
1178,devices/ae8f16e0-b975-43df-9fd7-cba7530be7c9/mtp/objects/Pump/totaliserReset/SrcIntAct/Actual
1179,devices/ae8f16e0-b975-43df-9fd7-cba7530be7c9/mtp/objects/Pump/totaliserReset/SrcIntAut/Actual
1180,devices/ae8f16e0-b975-43df-9fd7-cba7530be7c9/mtp/objects/Pump/totaliserReset/SrcIntOp/Actual
1181,devices/ae8f16e0-b975-43df-9fd7-cba7530be7c9/mtp/objects/Pump/totaliserReset/SrcManAct/Actual
1182,devices/ae8f16e0-b975-43df-9fd7-cba7530be7c9/mtp/objects/Pump/totaliserReset/SrcManAut/Actual
1183,devices/ae8f16e0-b975-43df-9fd7-cba7530be7c9/mtp/objects/Pump/totaliserReset/SrcManOp/Actual
1184,devices/ae8f16e0-b975-43df-9fd7-cba7530be7c9/mtp/objects/Pump/totaliserReset/TagDescription/Actual
1185,devices/ae8f16e0-b975-43df-9fd7-cba7530be7c9/mtp/objects/Pump/totaliserReset/TagName/Actual
1186,devices/ae8f16e0-b975-43df-9fd7-cba7530be7c9/mtp/objects/Pump/totaliserReset/VFbk/Actual
1187,devices/ae8f16e0-b975-43df-9fd7-cba7530be7c9/mtp/objects/Pump/totaliserReset/VInt/Actual
1188,devices/ae8f16e0-b975-43df-9fd7-cba7530be7c9/mtp/objects/Pump/totaliserReset/VMan/Actual
1189,devices/ae8f16e0-b975-43df-9fd7-cba7530be7c9/mtp/objects/Pump/totaliserReset/VOut/Actual
1190,devices/ae8f16e0-b975-43df-9fd7-cba7530be7c9/mtp/objects/Pump/totaliserReset/VRbk/Actual
1191,devices/ae8f16e0-b975-43df-9fd7-cba7530be7c9/mtp/objects/Pump/totaliserReset/VState0/Actual
1192,devices/ae8f16e0-b975-43df-9fd7-cba7530be7c9/mtp/objects/Pump/totaliserReset/VState1/Actual
1193,devices/ae8f16e0-b975-43df-9fd7-cba7530be7c9/mtp/objects/Pump/totaliserReset/WQC/Actual
1194,devices/ae8f16e0-b975-43df-9fd7-cba7530be7c9/mtp/objects/Pump/tubeDescription/OSLevel/Actual
1195,devices/ae8f16e0-b975-43df-9fd7-cba7530be7c9/mtp/objects/Pump/tubeDescription/SrcChannel/Actual
1196,devices/ae8f16e0-b975-43df-9fd7-cba7530be7c9/mtp/objects/Pump/tubeDescription/SrcIntAct/Actual
1197,devices/ae8f16e0-b975-43df-9fd7-cba7530be7c9/mtp/objects/Pump/tubeDescription/SrcIntAut/Actual
1198,devices/ae8f16e0-b975-43df-9fd7-cba7530be7c9/mtp/objects/Pump/tubeDescription/SrcIntOp/Actual
1199,devices/ae8f16e0-b975-43df-9fd7-cba7530be7c9/mtp/objects/Pump/tubeDescription/SrcManAct/Actual
1200,devices/ae8f16e0-b975-43df-9fd7-cba7530be7c9/mtp/objects/Pump/tubeDescription/SrcManAut/Actual
1201,devices/ae8f16e0-b975-43df-9fd7-cba7530be7c9/mtp/objects/Pump/tubeDescription/SrcManOp/Actual
1202,devices/ae8f16e0-b975-43df-9fd7-cba7530be7c9/mtp/objects/Pump/tubeDescription/TagDescription/Actual
1203,devices/ae8f16e0-b975-43df-9fd7-cba7530be7c9/mtp/objects/Pump/tubeDescription/TagName/Actual
1204,devices/ae8f16e0-b975-43df-9fd7-cba7530be7c9/mtp/objects/Pump/tubeDescription/VFbk/Actual
1205,devices/ae8f16e0-b975-43df-9fd7-cba7530be7c9/mtp/objects/Pump/tubeDescription/VInt/Actual
1206,devices/ae8f16e0-b975-43df-9fd7-cba7530be7c9/mtp/objects/Pump/tubeDescription/VMan/Actual
1207,devices/ae8f16e0-b975-43df-9fd7-cba7530be7c9/mtp/objects/Pump/tubeDescription/VOut/Actual
1208,devices/ae8f16e0-b975-43df-9fd7-cba7530be7c9/mtp/objects/Pump/tubeDescription/VRbk/Actual
1209,devices/ae8f16e0-b975-43df-9fd7-cba7530be7c9/mtp/objects/Pump/tubeDescription/WQC/Actual
1210,devices/ae8f16e0-b975-43df-9fd7-cba7530be7c9/status/connection_status
1211,devices/ae8f16e0-b975-43df-9fd7-cba7530be7c9/status/uptime
1212,devices/b1a6d61d-c7a3-4cff-a509-74823026733c/assigned_to_batch
1213,devices/b1a6d61d-c7a3-4cff-a509-74823026733c/assigned_to_pnid
1214,devices/b1a6d61d-c7a3-4cff-a509-74823026733c/assigned_to_process
1215,devices/b1a6d61d-c7a3-4cff-a509-74823026733c/assigned_to_system
1216,devices/b1a6d61d-c7a3-4cff-a509-74823026733c/diagnostics/CoreBoard/Text/Actual
1217,devices/b1a6d61d-c7a3-4cff-a509-74823026733c/metadata
1218,devices/b1a6d61d-c7a3-4cff-a509-74823026733c/mtp/objects/Sensor5/VAHEn/OSLevel/Actual
1219,devices/b1a6d61d-c7a3-4cff-a509-74823026733c/mtp/objects/Sensor5/VAHEn/TagDescription/Actual
1220,devices/b1a6d61d-c7a3-4cff-a509-74823026733c/mtp/objects/Sensor5/VAHEn/TagName/Actual
1221,devices/b1a6d61d-c7a3-4cff-a509-74823026733c/mtp/objects/Sensor5/VAHEn/VFbk/Actual
1222,devices/b1a6d61d-c7a3-4cff-a509-74823026733c/mtp/objects/Sensor5/VAHEn/VMan/Actual
1223,devices/b1a6d61d-c7a3-4cff-a509-74823026733c/mtp/objects/Sensor5/VAHEn/VOut/Actual
1224,devices/b1a6d61d-c7a3-4cff-a509-74823026733c/mtp/objects/Sensor5/VAHEn/VRbk/Actual
1225,devices/b1a6d61d-c7a3-4cff-a509-74823026733c/mtp/objects/Sensor5/VAHEn/VState0/Actual
1226,devices/b1a6d61d-c7a3-4cff-a509-74823026733c/mtp/objects/Sensor5/VAHEn/VState1/Actual
1227,devices/b1a6d61d-c7a3-4cff-a509-74823026733c/mtp/objects/Sensor5/VALEn/OSLevel/Actual
1228,devices/b1a6d61d-c7a3-4cff-a509-74823026733c/mtp/objects/Sensor5/VALEn/TagDescription/Actual
1229,devices/b1a6d61d-c7a3-4cff-a509-74823026733c/mtp/objects/Sensor5/VALEn/TagName/Actual
1230,devices/b1a6d61d-c7a3-4cff-a509-74823026733c/mtp/objects/Sensor5/VALEn/VFbk/Actual
1231,devices/b1a6d61d-c7a3-4cff-a509-74823026733c/mtp/objects/Sensor5/VALEn/VMan/Actual
1232,devices/b1a6d61d-c7a3-4cff-a509-74823026733c/mtp/objects/Sensor5/VALEn/VOut/Actual
1233,devices/b1a6d61d-c7a3-4cff-a509-74823026733c/mtp/objects/Sensor5/VALEn/VRbk/Actual
1234,devices/b1a6d61d-c7a3-4cff-a509-74823026733c/mtp/objects/Sensor5/VALEn/VState0/Actual
1235,devices/b1a6d61d-c7a3-4cff-a509-74823026733c/mtp/objects/Sensor5/VALEn/VState1/Actual
1236,devices/b1a6d61d-c7a3-4cff-a509-74823026733c/mtp/objects/Sensor5/measurementFirstProbe/OSLevel/Actual
1237,devices/b1a6d61d-c7a3-4cff-a509-74823026733c/mtp/objects/Sensor5/measurementFirstProbe/TagDescription/Actual
1238,devices/b1a6d61d-c7a3-4cff-a509-74823026733c/mtp/objects/Sensor5/measurementFirstProbe/TagName/Actual
1239,devices/b1a6d61d-c7a3-4cff-a509-74823026733c/mtp/objects/Sensor5/measurementFirstProbe/V/Actual
1240,devices/b1a6d61d-c7a3-4cff-a509-74823026733c/mtp/objects/Sensor5/measurementFirstProbe/VAHAct/Actual
1241,devices/b1a6d61d-c7a3-4cff-a509-74823026733c/mtp/objects/Sensor5/measurementFirstProbe/VAHEn/Actual
1242,devices/b1a6d61d-c7a3-4cff-a509-74823026733c/mtp/objects/Sensor5/measurementFirstProbe/VAHLim/Actual
1243,devices/b1a6d61d-c7a3-4cff-a509-74823026733c/mtp/objects/Sensor5/measurementFirstProbe/VALAct/Actual
1244,devices/b1a6d61d-c7a3-4cff-a509-74823026733c/mtp/objects/Sensor5/measurementFirstProbe/VALEn/Actual
1245,devices/b1a6d61d-c7a3-4cff-a509-74823026733c/mtp/objects/Sensor5/measurementFirstProbe/VALLim/Actual
1246,devices/b1a6d61d-c7a3-4cff-a509-74823026733c/mtp/objects/Sensor5/measurementFirstProbe/VSclMax/Actual
1247,devices/b1a6d61d-c7a3-4cff-a509-74823026733c/mtp/objects/Sensor5/measurementFirstProbe/VSclMin/Actual
1248,devices/b1a6d61d-c7a3-4cff-a509-74823026733c/mtp/objects/Sensor5/measurementFirstProbe/VTHAct/Actual
1249,devices/b1a6d61d-c7a3-4cff-a509-74823026733c/mtp/objects/Sensor5/measurementFirstProbe/VTHEn/Actual
1250,devices/b1a6d61d-c7a3-4cff-a509-74823026733c/mtp/objects/Sensor5/measurementFirstProbe/VTHLim/Actual
1251,devices/b1a6d61d-c7a3-4cff-a509-74823026733c/mtp/objects/Sensor5/measurementFirstProbe/VTLAct/Actual
1252,devices/b1a6d61d-c7a3-4cff-a509-74823026733c/mtp/objects/Sensor5/measurementFirstProbe/VTLEn/Actual
1253,devices/b1a6d61d-c7a3-4cff-a509-74823026733c/mtp/objects/Sensor5/measurementFirstProbe/VTLLim/Actual
1254,devices/b1a6d61d-c7a3-4cff-a509-74823026733c/mtp/objects/Sensor5/measurementFirstProbe/VUnit/Actual
1255,devices/b1a6d61d-c7a3-4cff-a509-74823026733c/mtp/objects/Sensor5/measurementFirstProbe/VWHAct/Actual
1256,devices/b1a6d61d-c7a3-4cff-a509-74823026733c/mtp/objects/Sensor5/measurementFirstProbe/VWHEn/Actual
1257,devices/b1a6d61d-c7a3-4cff-a509-74823026733c/mtp/objects/Sensor5/measurementFirstProbe/VWHLim/Actual
1258,devices/b1a6d61d-c7a3-4cff-a509-74823026733c/mtp/objects/Sensor5/measurementFirstProbe/VWLAct/Actual
1259,devices/b1a6d61d-c7a3-4cff-a509-74823026733c/mtp/objects/Sensor5/measurementFirstProbe/VWLEn/Actual
1260,devices/b1a6d61d-c7a3-4cff-a509-74823026733c/mtp/objects/Sensor5/measurementFirstProbe/VWLLim/Actual
1261,devices/b1a6d61d-c7a3-4cff-a509-74823026733c/mtp/objects/Sensor5/measurementFirstProbe/WQC/Actual
1262,devices/b1a6d61d-c7a3-4cff-a509-74823026733c/mtp/objects/Sensor5/metadata/TagDescription/Actual
1263,devices/b1a6d61d-c7a3-4cff-a509-74823026733c/mtp/objects/Sensor5/metadata/TagName/Actual
1264,devices/b1a6d61d-c7a3-4cff-a509-74823026733c/mtp/objects/Sensor5/metadata/Text/Actual
1265,devices/b1a6d61d-c7a3-4cff-a509-74823026733c/mtp/objects/Sensor5/metadata/WQC/Actual
1266,devices/b1a6d61d-c7a3-4cff-a509-74823026733c/mtp/objects/Sensor5/moduleIdentificationTrigger/OSLevel/Actual
1267,devices/b1a6d61d-c7a3-4cff-a509-74823026733c/mtp/objects/Sensor5/moduleIdentificationTrigger/TagDescription/Actual
1268,devices/b1a6d61d-c7a3-4cff-a509-74823026733c/mtp/objects/Sensor5/moduleIdentificationTrigger/TagName/Actual
1269,devices/b1a6d61d-c7a3-4cff-a509-74823026733c/mtp/objects/Sensor5/moduleIdentificationTrigger/VFbk/Actual
1270,devices/b1a6d61d-c7a3-4cff-a509-74823026733c/mtp/objects/Sensor5/moduleIdentificationTrigger/VMan/Actual
1271,devices/b1a6d61d-c7a3-4cff-a509-74823026733c/mtp/objects/Sensor5/moduleIdentificationTrigger/VOut/Actual
1272,devices/b1a6d61d-c7a3-4cff-a509-74823026733c/mtp/objects/Sensor5/moduleIdentificationTrigger/VRbk/Actual
1273,devices/b1a6d61d-c7a3-4cff-a509-74823026733c/mtp/objects/Sensor5/moduleIdentificationTrigger/VState0/Actual
1274,devices/b1a6d61d-c7a3-4cff-a509-74823026733c/mtp/objects/Sensor5/moduleIdentificationTrigger/VState1/Actual
1275,devices/b1a6d61d-c7a3-4cff-a509-74823026733c/mtp/objects/Sensor5/serialNumber/TagDescription/Actual
1276,devices/b1a6d61d-c7a3-4cff-a509-74823026733c/mtp/objects/Sensor5/serialNumber/TagName/Actual
1277,devices/b1a6d61d-c7a3-4cff-a509-74823026733c/mtp/objects/Sensor5/serialNumber/Text/Actual
1278,devices/b1a6d61d-c7a3-4cff-a509-74823026733c/mtp/objects/Sensor5/serialNumber/WQC/Actual
1279,devices/b1a6d61d-c7a3-4cff-a509-74823026733c/status/connection_status
1280,devices/b1a6d61d-c7a3-4cff-a509-74823026733c/status/uptime
1281,devices/c6444729-56d5-4510-a365-f7dabcb2069c/assigned_to_pnid
1282,devices/c6444729-56d5-4510-a365-f7dabcb2069c/assigned_to_process
1283,devices/c6444729-56d5-4510-a365-f7dabcb2069c/assigned_to_system
1284,devices/c6444729-56d5-4510-a365-f7dabcb2069c/diagnostics/CoreBoard/Text/Actual
1285,devices/c6444729-56d5-4510-a365-f7dabcb2069c/metadata
1286,devices/c6444729-56d5-4510-a365-f7dabcb2069c/mtp/objects/Sensor6/VAHEnFirstProbe/OSLevel/Actual
1287,devices/c6444729-56d5-4510-a365-f7dabcb2069c/mtp/objects/Sensor6/VAHEnFirstProbe/TagDescription/Actual
1288,devices/c6444729-56d5-4510-a365-f7dabcb2069c/mtp/objects/Sensor6/VAHEnFirstProbe/TagName/Actual
1289,devices/c6444729-56d5-4510-a365-f7dabcb2069c/mtp/objects/Sensor6/VAHEnFirstProbe/VFbk/Actual
1290,devices/c6444729-56d5-4510-a365-f7dabcb2069c/mtp/objects/Sensor6/VAHEnFirstProbe/VMan/Actual
1291,devices/c6444729-56d5-4510-a365-f7dabcb2069c/mtp/objects/Sensor6/VAHEnFirstProbe/VOut/Actual
1292,devices/c6444729-56d5-4510-a365-f7dabcb2069c/mtp/objects/Sensor6/VAHEnFirstProbe/VRbk/Actual
1293,devices/c6444729-56d5-4510-a365-f7dabcb2069c/mtp/objects/Sensor6/VAHEnFirstProbe/VState0/Actual
1294,devices/c6444729-56d5-4510-a365-f7dabcb2069c/mtp/objects/Sensor6/VAHEnFirstProbe/VState1/Actual
1295,devices/c6444729-56d5-4510-a365-f7dabcb2069c/mtp/objects/Sensor6/VAHEnSecondProbe/OSLevel/Actual
1296,devices/c6444729-56d5-4510-a365-f7dabcb2069c/mtp/objects/Sensor6/VAHEnSecondProbe/TagDescription/Actual
1297,devices/c6444729-56d5-4510-a365-f7dabcb2069c/mtp/objects/Sensor6/VAHEnSecondProbe/TagName/Actual
1298,devices/c6444729-56d5-4510-a365-f7dabcb2069c/mtp/objects/Sensor6/VAHEnSecondProbe/VFbk/Actual
1299,devices/c6444729-56d5-4510-a365-f7dabcb2069c/mtp/objects/Sensor6/VAHEnSecondProbe/VMan/Actual
1300,devices/c6444729-56d5-4510-a365-f7dabcb2069c/mtp/objects/Sensor6/VAHEnSecondProbe/VOut/Actual
1301,devices/c6444729-56d5-4510-a365-f7dabcb2069c/mtp/objects/Sensor6/VAHEnSecondProbe/VRbk/Actual
1302,devices/c6444729-56d5-4510-a365-f7dabcb2069c/mtp/objects/Sensor6/VAHEnSecondProbe/VState0/Actual
1303,devices/c6444729-56d5-4510-a365-f7dabcb2069c/mtp/objects/Sensor6/VAHEnSecondProbe/VState1/Actual
1304,devices/c6444729-56d5-4510-a365-f7dabcb2069c/mtp/objects/Sensor6/VAHEnThirdProbe/OSLevel/Actual
1305,devices/c6444729-56d5-4510-a365-f7dabcb2069c/mtp/objects/Sensor6/VAHEnThirdProbe/TagDescription/Actual
1306,devices/c6444729-56d5-4510-a365-f7dabcb2069c/mtp/objects/Sensor6/VAHEnThirdProbe/TagName/Actual
1307,devices/c6444729-56d5-4510-a365-f7dabcb2069c/mtp/objects/Sensor6/VAHEnThirdProbe/VFbk/Actual
1308,devices/c6444729-56d5-4510-a365-f7dabcb2069c/mtp/objects/Sensor6/VAHEnThirdProbe/VMan/Actual
1309,devices/c6444729-56d5-4510-a365-f7dabcb2069c/mtp/objects/Sensor6/VAHEnThirdProbe/VOut/Actual
1310,devices/c6444729-56d5-4510-a365-f7dabcb2069c/mtp/objects/Sensor6/VAHEnThirdProbe/VRbk/Actual
1311,devices/c6444729-56d5-4510-a365-f7dabcb2069c/mtp/objects/Sensor6/VAHEnThirdProbe/VState0/Actual
1312,devices/c6444729-56d5-4510-a365-f7dabcb2069c/mtp/objects/Sensor6/VAHEnThirdProbe/VState1/Actual
1313,devices/c6444729-56d5-4510-a365-f7dabcb2069c/mtp/objects/Sensor6/VALEnFirstProbe/OSLevel/Actual
1314,devices/c6444729-56d5-4510-a365-f7dabcb2069c/mtp/objects/Sensor6/VALEnFirstProbe/TagDescription/Actual
1315,devices/c6444729-56d5-4510-a365-f7dabcb2069c/mtp/objects/Sensor6/VALEnFirstProbe/TagName/Actual
1316,devices/c6444729-56d5-4510-a365-f7dabcb2069c/mtp/objects/Sensor6/VALEnFirstProbe/VFbk/Actual
1317,devices/c6444729-56d5-4510-a365-f7dabcb2069c/mtp/objects/Sensor6/VALEnFirstProbe/VMan/Actual
1318,devices/c6444729-56d5-4510-a365-f7dabcb2069c/mtp/objects/Sensor6/VALEnFirstProbe/VOut/Actual
1319,devices/c6444729-56d5-4510-a365-f7dabcb2069c/mtp/objects/Sensor6/VALEnFirstProbe/VRbk/Actual
1320,devices/c6444729-56d5-4510-a365-f7dabcb2069c/mtp/objects/Sensor6/VALEnFirstProbe/VState0/Actual
1321,devices/c6444729-56d5-4510-a365-f7dabcb2069c/mtp/objects/Sensor6/VALEnFirstProbe/VState1/Actual
1322,devices/c6444729-56d5-4510-a365-f7dabcb2069c/mtp/objects/Sensor6/VALEnSecondProbe/OSLevel/Actual
1323,devices/c6444729-56d5-4510-a365-f7dabcb2069c/mtp/objects/Sensor6/VALEnSecondProbe/TagDescription/Actual
1324,devices/c6444729-56d5-4510-a365-f7dabcb2069c/mtp/objects/Sensor6/VALEnSecondProbe/TagName/Actual
1325,devices/c6444729-56d5-4510-a365-f7dabcb2069c/mtp/objects/Sensor6/VALEnSecondProbe/VFbk/Actual
1326,devices/c6444729-56d5-4510-a365-f7dabcb2069c/mtp/objects/Sensor6/VALEnSecondProbe/VMan/Actual
1327,devices/c6444729-56d5-4510-a365-f7dabcb2069c/mtp/objects/Sensor6/VALEnSecondProbe/VOut/Actual
1328,devices/c6444729-56d5-4510-a365-f7dabcb2069c/mtp/objects/Sensor6/VALEnSecondProbe/VRbk/Actual
1329,devices/c6444729-56d5-4510-a365-f7dabcb2069c/mtp/objects/Sensor6/VALEnSecondProbe/VState0/Actual
1330,devices/c6444729-56d5-4510-a365-f7dabcb2069c/mtp/objects/Sensor6/VALEnSecondProbe/VState1/Actual
1331,devices/c6444729-56d5-4510-a365-f7dabcb2069c/mtp/objects/Sensor6/VALEnThirdProbe/OSLevel/Actual
1332,devices/c6444729-56d5-4510-a365-f7dabcb2069c/mtp/objects/Sensor6/VALEnThirdProbe/TagDescription/Actual
1333,devices/c6444729-56d5-4510-a365-f7dabcb2069c/mtp/objects/Sensor6/VALEnThirdProbe/TagName/Actual
1334,devices/c6444729-56d5-4510-a365-f7dabcb2069c/mtp/objects/Sensor6/VALEnThirdProbe/VFbk/Actual
1335,devices/c6444729-56d5-4510-a365-f7dabcb2069c/mtp/objects/Sensor6/VALEnThirdProbe/VMan/Actual
1336,devices/c6444729-56d5-4510-a365-f7dabcb2069c/mtp/objects/Sensor6/VALEnThirdProbe/VOut/Actual
1337,devices/c6444729-56d5-4510-a365-f7dabcb2069c/mtp/objects/Sensor6/VALEnThirdProbe/VRbk/Actual
1338,devices/c6444729-56d5-4510-a365-f7dabcb2069c/mtp/objects/Sensor6/VALEnThirdProbe/VState0/Actual
1339,devices/c6444729-56d5-4510-a365-f7dabcb2069c/mtp/objects/Sensor6/VALEnThirdProbe/VState1/Actual
1340,devices/c6444729-56d5-4510-a365-f7dabcb2069c/mtp/objects/Sensor6/measurementFirstProbe/OSLevel/Actual
1341,devices/c6444729-56d5-4510-a365-f7dabcb2069c/mtp/objects/Sensor6/measurementFirstProbe/TagDescription/Actual
1342,devices/c6444729-56d5-4510-a365-f7dabcb2069c/mtp/objects/Sensor6/measurementFirstProbe/TagName/Actual
1343,devices/c6444729-56d5-4510-a365-f7dabcb2069c/mtp/objects/Sensor6/measurementFirstProbe/V/Actual
1344,devices/c6444729-56d5-4510-a365-f7dabcb2069c/mtp/objects/Sensor6/measurementFirstProbe/VAHAct/Actual
1345,devices/c6444729-56d5-4510-a365-f7dabcb2069c/mtp/objects/Sensor6/measurementFirstProbe/VAHEn/Actual
1346,devices/c6444729-56d5-4510-a365-f7dabcb2069c/mtp/objects/Sensor6/measurementFirstProbe/VAHLim/Actual
1347,devices/c6444729-56d5-4510-a365-f7dabcb2069c/mtp/objects/Sensor6/measurementFirstProbe/VALAct/Actual
1348,devices/c6444729-56d5-4510-a365-f7dabcb2069c/mtp/objects/Sensor6/measurementFirstProbe/VALEn/Actual
1349,devices/c6444729-56d5-4510-a365-f7dabcb2069c/mtp/objects/Sensor6/measurementFirstProbe/VALLim/Actual
1350,devices/c6444729-56d5-4510-a365-f7dabcb2069c/mtp/objects/Sensor6/measurementFirstProbe/VSclMax/Actual
1351,devices/c6444729-56d5-4510-a365-f7dabcb2069c/mtp/objects/Sensor6/measurementFirstProbe/VSclMin/Actual
1352,devices/c6444729-56d5-4510-a365-f7dabcb2069c/mtp/objects/Sensor6/measurementFirstProbe/VTHAct/Actual
1353,devices/c6444729-56d5-4510-a365-f7dabcb2069c/mtp/objects/Sensor6/measurementFirstProbe/VTHEn/Actual
1354,devices/c6444729-56d5-4510-a365-f7dabcb2069c/mtp/objects/Sensor6/measurementFirstProbe/VTHLim/Actual
1355,devices/c6444729-56d5-4510-a365-f7dabcb2069c/mtp/objects/Sensor6/measurementFirstProbe/VTLAct/Actual
1356,devices/c6444729-56d5-4510-a365-f7dabcb2069c/mtp/objects/Sensor6/measurementFirstProbe/VTLEn/Actual
1357,devices/c6444729-56d5-4510-a365-f7dabcb2069c/mtp/objects/Sensor6/measurementFirstProbe/VTLLim/Actual
1358,devices/c6444729-56d5-4510-a365-f7dabcb2069c/mtp/objects/Sensor6/measurementFirstProbe/VUnit/Actual
1359,devices/c6444729-56d5-4510-a365-f7dabcb2069c/mtp/objects/Sensor6/measurementFirstProbe/VWHAct/Actual
1360,devices/c6444729-56d5-4510-a365-f7dabcb2069c/mtp/objects/Sensor6/measurementFirstProbe/VWHEn/Actual
1361,devices/c6444729-56d5-4510-a365-f7dabcb2069c/mtp/objects/Sensor6/measurementFirstProbe/VWHLim/Actual
1362,devices/c6444729-56d5-4510-a365-f7dabcb2069c/mtp/objects/Sensor6/measurementFirstProbe/VWLAct/Actual
1363,devices/c6444729-56d5-4510-a365-f7dabcb2069c/mtp/objects/Sensor6/measurementFirstProbe/VWLEn/Actual
1364,devices/c6444729-56d5-4510-a365-f7dabcb2069c/mtp/objects/Sensor6/measurementFirstProbe/VWLLim/Actual
1365,devices/c6444729-56d5-4510-a365-f7dabcb2069c/mtp/objects/Sensor6/measurementFirstProbe/WQC/Actual
1366,devices/c6444729-56d5-4510-a365-f7dabcb2069c/mtp/objects/Sensor6/measurementSecondProbe/OSLevel/Actual
1367,devices/c6444729-56d5-4510-a365-f7dabcb2069c/mtp/objects/Sensor6/measurementSecondProbe/TagDescription/Actual
1368,devices/c6444729-56d5-4510-a365-f7dabcb2069c/mtp/objects/Sensor6/measurementSecondProbe/TagName/Actual
1369,devices/c6444729-56d5-4510-a365-f7dabcb2069c/mtp/objects/Sensor6/measurementSecondProbe/V/Actual
1370,devices/c6444729-56d5-4510-a365-f7dabcb2069c/mtp/objects/Sensor6/measurementSecondProbe/VAHAct/Actual
1371,devices/c6444729-56d5-4510-a365-f7dabcb2069c/mtp/objects/Sensor6/measurementSecondProbe/VAHEn/Actual
1372,devices/c6444729-56d5-4510-a365-f7dabcb2069c/mtp/objects/Sensor6/measurementSecondProbe/VAHLim/Actual
1373,devices/c6444729-56d5-4510-a365-f7dabcb2069c/mtp/objects/Sensor6/measurementSecondProbe/VALAct/Actual
1374,devices/c6444729-56d5-4510-a365-f7dabcb2069c/mtp/objects/Sensor6/measurementSecondProbe/VALEn/Actual
1375,devices/c6444729-56d5-4510-a365-f7dabcb2069c/mtp/objects/Sensor6/measurementSecondProbe/VALLim/Actual
1376,devices/c6444729-56d5-4510-a365-f7dabcb2069c/mtp/objects/Sensor6/measurementSecondProbe/VSclMax/Actual
1377,devices/c6444729-56d5-4510-a365-f7dabcb2069c/mtp/objects/Sensor6/measurementSecondProbe/VSclMin/Actual
1378,devices/c6444729-56d5-4510-a365-f7dabcb2069c/mtp/objects/Sensor6/measurementSecondProbe/VTHAct/Actual
1379,devices/c6444729-56d5-4510-a365-f7dabcb2069c/mtp/objects/Sensor6/measurementSecondProbe/VTHEn/Actual
1380,devices/c6444729-56d5-4510-a365-f7dabcb2069c/mtp/objects/Sensor6/measurementSecondProbe/VTHLim/Actual
1381,devices/c6444729-56d5-4510-a365-f7dabcb2069c/mtp/objects/Sensor6/measurementSecondProbe/VTLAct/Actual
1382,devices/c6444729-56d5-4510-a365-f7dabcb2069c/mtp/objects/Sensor6/measurementSecondProbe/VTLEn/Actual
1383,devices/c6444729-56d5-4510-a365-f7dabcb2069c/mtp/objects/Sensor6/measurementSecondProbe/VTLLim/Actual
1384,devices/c6444729-56d5-4510-a365-f7dabcb2069c/mtp/objects/Sensor6/measurementSecondProbe/VUnit/Actual
1385,devices/c6444729-56d5-4510-a365-f7dabcb2069c/mtp/objects/Sensor6/measurementSecondProbe/VWHAct/Actual
1386,devices/c6444729-56d5-4510-a365-f7dabcb2069c/mtp/objects/Sensor6/measurementSecondProbe/VWHEn/Actual
1387,devices/c6444729-56d5-4510-a365-f7dabcb2069c/mtp/objects/Sensor6/measurementSecondProbe/VWHLim/Actual
1388,devices/c6444729-56d5-4510-a365-f7dabcb2069c/mtp/objects/Sensor6/measurementSecondProbe/VWLAct/Actual
1389,devices/c6444729-56d5-4510-a365-f7dabcb2069c/mtp/objects/Sensor6/measurementSecondProbe/VWLEn/Actual
1390,devices/c6444729-56d5-4510-a365-f7dabcb2069c/mtp/objects/Sensor6/measurementSecondProbe/VWLLim/Actual
1391,devices/c6444729-56d5-4510-a365-f7dabcb2069c/mtp/objects/Sensor6/measurementSecondProbe/WQC/Actual
1392,devices/c6444729-56d5-4510-a365-f7dabcb2069c/mtp/objects/Sensor6/measurementThirdProbe/OSLevel/Actual
1393,devices/c6444729-56d5-4510-a365-f7dabcb2069c/mtp/objects/Sensor6/measurementThirdProbe/TagDescription/Actual
1394,devices/c6444729-56d5-4510-a365-f7dabcb2069c/mtp/objects/Sensor6/measurementThirdProbe/TagName/Actual
1395,devices/c6444729-56d5-4510-a365-f7dabcb2069c/mtp/objects/Sensor6/measurementThirdProbe/V/Actual
1396,devices/c6444729-56d5-4510-a365-f7dabcb2069c/mtp/objects/Sensor6/measurementThirdProbe/VAHAct/Actual
1397,devices/c6444729-56d5-4510-a365-f7dabcb2069c/mtp/objects/Sensor6/measurementThirdProbe/VAHEn/Actual
1398,devices/c6444729-56d5-4510-a365-f7dabcb2069c/mtp/objects/Sensor6/measurementThirdProbe/VAHLim/Actual
1399,devices/c6444729-56d5-4510-a365-f7dabcb2069c/mtp/objects/Sensor6/measurementThirdProbe/VALAct/Actual
1400,devices/c6444729-56d5-4510-a365-f7dabcb2069c/mtp/objects/Sensor6/measurementThirdProbe/VALEn/Actual
1401,devices/c6444729-56d5-4510-a365-f7dabcb2069c/mtp/objects/Sensor6/measurementThirdProbe/VALLim/Actual
1402,devices/c6444729-56d5-4510-a365-f7dabcb2069c/mtp/objects/Sensor6/measurementThirdProbe/VSclMax/Actual
1403,devices/c6444729-56d5-4510-a365-f7dabcb2069c/mtp/objects/Sensor6/measurementThirdProbe/VSclMin/Actual
1404,devices/c6444729-56d5-4510-a365-f7dabcb2069c/mtp/objects/Sensor6/measurementThirdProbe/VTHAct/Actual
1405,devices/c6444729-56d5-4510-a365-f7dabcb2069c/mtp/objects/Sensor6/measurementThirdProbe/VTHEn/Actual
1406,devices/c6444729-56d5-4510-a365-f7dabcb2069c/mtp/objects/Sensor6/measurementThirdProbe/VTHLim/Actual
1407,devices/c6444729-56d5-4510-a365-f7dabcb2069c/mtp/objects/Sensor6/measurementThirdProbe/VTLAct/Actual
1408,devices/c6444729-56d5-4510-a365-f7dabcb2069c/mtp/objects/Sensor6/measurementThirdProbe/VTLEn/Actual
1409,devices/c6444729-56d5-4510-a365-f7dabcb2069c/mtp/objects/Sensor6/measurementThirdProbe/VTLLim/Actual
1410,devices/c6444729-56d5-4510-a365-f7dabcb2069c/mtp/objects/Sensor6/measurementThirdProbe/VUnit/Actual
1411,devices/c6444729-56d5-4510-a365-f7dabcb2069c/mtp/objects/Sensor6/measurementThirdProbe/VWHAct/Actual
1412,devices/c6444729-56d5-4510-a365-f7dabcb2069c/mtp/objects/Sensor6/measurementThirdProbe/VWHEn/Actual
1413,devices/c6444729-56d5-4510-a365-f7dabcb2069c/mtp/objects/Sensor6/measurementThirdProbe/VWHLim/Actual
1414,devices/c6444729-56d5-4510-a365-f7dabcb2069c/mtp/objects/Sensor6/measurementThirdProbe/VWLAct/Actual
1415,devices/c6444729-56d5-4510-a365-f7dabcb2069c/mtp/objects/Sensor6/measurementThirdProbe/VWLEn/Actual
1416,devices/c6444729-56d5-4510-a365-f7dabcb2069c/mtp/objects/Sensor6/measurementThirdProbe/VWLLim/Actual
1417,devices/c6444729-56d5-4510-a365-f7dabcb2069c/mtp/objects/Sensor6/measurementThirdProbe/WQC/Actual
1418,devices/c6444729-56d5-4510-a365-f7dabcb2069c/mtp/objects/Sensor6/metadata/TagDescription/Actual
1419,devices/c6444729-56d5-4510-a365-f7dabcb2069c/mtp/objects/Sensor6/metadata/TagName/Actual
1420,devices/c6444729-56d5-4510-a365-f7dabcb2069c/mtp/objects/Sensor6/metadata/Text/Actual
1421,devices/c6444729-56d5-4510-a365-f7dabcb2069c/mtp/objects/Sensor6/metadata/WQC/Actual
1422,devices/c6444729-56d5-4510-a365-f7dabcb2069c/mtp/objects/Sensor6/moduleIdentificationTrigger/OSLevel/Actual
1423,devices/c6444729-56d5-4510-a365-f7dabcb2069c/mtp/objects/Sensor6/moduleIdentificationTrigger/TagDescription/Actual
1424,devices/c6444729-56d5-4510-a365-f7dabcb2069c/mtp/objects/Sensor6/moduleIdentificationTrigger/TagName/Actual
1425,devices/c6444729-56d5-4510-a365-f7dabcb2069c/mtp/objects/Sensor6/moduleIdentificationTrigger/VFbk/Actual
1426,devices/c6444729-56d5-4510-a365-f7dabcb2069c/mtp/objects/Sensor6/moduleIdentificationTrigger/VMan/Actual
1427,devices/c6444729-56d5-4510-a365-f7dabcb2069c/mtp/objects/Sensor6/moduleIdentificationTrigger/VOut/Actual
1428,devices/c6444729-56d5-4510-a365-f7dabcb2069c/mtp/objects/Sensor6/moduleIdentificationTrigger/VRbk/Actual
1429,devices/c6444729-56d5-4510-a365-f7dabcb2069c/mtp/objects/Sensor6/moduleIdentificationTrigger/VState0/Actual
1430,devices/c6444729-56d5-4510-a365-f7dabcb2069c/mtp/objects/Sensor6/moduleIdentificationTrigger/VState1/Actual
1431,devices/c6444729-56d5-4510-a365-f7dabcb2069c/mtp/objects/Sensor6/qualityIndicator/TagDescription/Actual
1432,devices/c6444729-56d5-4510-a365-f7dabcb2069c/mtp/objects/Sensor6/qualityIndicator/TagName/Actual
1433,devices/c6444729-56d5-4510-a365-f7dabcb2069c/mtp/objects/Sensor6/qualityIndicator/V/Actual
1434,devices/c6444729-56d5-4510-a365-f7dabcb2069c/mtp/objects/Sensor6/qualityIndicator/VSclMax/Actual
1435,devices/c6444729-56d5-4510-a365-f7dabcb2069c/mtp/objects/Sensor6/qualityIndicator/VSclMin/Actual
1436,devices/c6444729-56d5-4510-a365-f7dabcb2069c/mtp/objects/Sensor6/qualityIndicator/VUnit/Actual
1437,devices/c6444729-56d5-4510-a365-f7dabcb2069c/mtp/objects/Sensor6/qualityIndicator/WQC/Actual
1438,devices/c6444729-56d5-4510-a365-f7dabcb2069c/mtp/objects/Sensor6/serialNumber/TagDescription/Actual
1439,devices/c6444729-56d5-4510-a365-f7dabcb2069c/mtp/objects/Sensor6/serialNumber/TagName/Actual
1440,devices/c6444729-56d5-4510-a365-f7dabcb2069c/mtp/objects/Sensor6/serialNumber/Text/Actual
1441,devices/c6444729-56d5-4510-a365-f7dabcb2069c/mtp/objects/Sensor6/serialNumber/WQC/Actual
1442,devices/c6444729-56d5-4510-a365-f7dabcb2069c/status/connection_status
1443,devices/c6444729-56d5-4510-a365-f7dabcb2069c/status/uptime
1444,devices/d119c456-717a-4aa2-af0a-1d6d41f69d69/assigned_to_batch
1445,devices/d119c456-717a-4aa2-af0a-1d6d41f69d69/assigned_to_pnid
1446,devices/d119c456-717a-4aa2-af0a-1d6d41f69d69/assigned_to_process
1447,devices/d119c456-717a-4aa2-af0a-1d6d41f69d69/assigned_to_system
1448,devices/d119c456-717a-4aa2-af0a-1d6d41f69d69/diagnostics/CoreBoard/Text/Actual
1449,devices/d119c456-717a-4aa2-af0a-1d6d41f69d69/metadata
1450,devices/d119c456-717a-4aa2-af0a-1d6d41f69d69/mtp/objects/Sensor4/VAHEnFirstProbe/OSLevel/Actual
1451,devices/d119c456-717a-4aa2-af0a-1d6d41f69d69/mtp/objects/Sensor4/VAHEnFirstProbe/TagDescription/Actual
1452,devices/d119c456-717a-4aa2-af0a-1d6d41f69d69/mtp/objects/Sensor4/VAHEnFirstProbe/TagName/Actual
1453,devices/d119c456-717a-4aa2-af0a-1d6d41f69d69/mtp/objects/Sensor4/VAHEnFirstProbe/VFbk/Actual
1454,devices/d119c456-717a-4aa2-af0a-1d6d41f69d69/mtp/objects/Sensor4/VAHEnFirstProbe/VMan/Actual
1455,devices/d119c456-717a-4aa2-af0a-1d6d41f69d69/mtp/objects/Sensor4/VAHEnFirstProbe/VOut/Actual
1456,devices/d119c456-717a-4aa2-af0a-1d6d41f69d69/mtp/objects/Sensor4/VAHEnFirstProbe/VRbk/Actual
1457,devices/d119c456-717a-4aa2-af0a-1d6d41f69d69/mtp/objects/Sensor4/VAHEnFirstProbe/VState0/Actual
1458,devices/d119c456-717a-4aa2-af0a-1d6d41f69d69/mtp/objects/Sensor4/VAHEnFirstProbe/VState1/Actual
1459,devices/d119c456-717a-4aa2-af0a-1d6d41f69d69/mtp/objects/Sensor4/VAHEnSecondProbe/OSLevel/Actual
1460,devices/d119c456-717a-4aa2-af0a-1d6d41f69d69/mtp/objects/Sensor4/VAHEnSecondProbe/TagDescription/Actual
1461,devices/d119c456-717a-4aa2-af0a-1d6d41f69d69/mtp/objects/Sensor4/VAHEnSecondProbe/TagName/Actual
1462,devices/d119c456-717a-4aa2-af0a-1d6d41f69d69/mtp/objects/Sensor4/VAHEnSecondProbe/VFbk/Actual
1463,devices/d119c456-717a-4aa2-af0a-1d6d41f69d69/mtp/objects/Sensor4/VAHEnSecondProbe/VMan/Actual
1464,devices/d119c456-717a-4aa2-af0a-1d6d41f69d69/mtp/objects/Sensor4/VAHEnSecondProbe/VOut/Actual
1465,devices/d119c456-717a-4aa2-af0a-1d6d41f69d69/mtp/objects/Sensor4/VAHEnSecondProbe/VRbk/Actual
1466,devices/d119c456-717a-4aa2-af0a-1d6d41f69d69/mtp/objects/Sensor4/VAHEnSecondProbe/VState0/Actual
1467,devices/d119c456-717a-4aa2-af0a-1d6d41f69d69/mtp/objects/Sensor4/VAHEnSecondProbe/VState1/Actual
1468,devices/d119c456-717a-4aa2-af0a-1d6d41f69d69/mtp/objects/Sensor4/VAHEnThirdProbe/OSLevel/Actual
1469,devices/d119c456-717a-4aa2-af0a-1d6d41f69d69/mtp/objects/Sensor4/VAHEnThirdProbe/TagDescription/Actual
1470,devices/d119c456-717a-4aa2-af0a-1d6d41f69d69/mtp/objects/Sensor4/VAHEnThirdProbe/TagName/Actual
1471,devices/d119c456-717a-4aa2-af0a-1d6d41f69d69/mtp/objects/Sensor4/VAHEnThirdProbe/VFbk/Actual
1472,devices/d119c456-717a-4aa2-af0a-1d6d41f69d69/mtp/objects/Sensor4/VAHEnThirdProbe/VMan/Actual
1473,devices/d119c456-717a-4aa2-af0a-1d6d41f69d69/mtp/objects/Sensor4/VAHEnThirdProbe/VOut/Actual
1474,devices/d119c456-717a-4aa2-af0a-1d6d41f69d69/mtp/objects/Sensor4/VAHEnThirdProbe/VRbk/Actual
1475,devices/d119c456-717a-4aa2-af0a-1d6d41f69d69/mtp/objects/Sensor4/VAHEnThirdProbe/VState0/Actual
1476,devices/d119c456-717a-4aa2-af0a-1d6d41f69d69/mtp/objects/Sensor4/VAHEnThirdProbe/VState1/Actual
1477,devices/d119c456-717a-4aa2-af0a-1d6d41f69d69/mtp/objects/Sensor4/VALEnFirstProbe/OSLevel/Actual
1478,devices/d119c456-717a-4aa2-af0a-1d6d41f69d69/mtp/objects/Sensor4/VALEnFirstProbe/TagDescription/Actual
1479,devices/d119c456-717a-4aa2-af0a-1d6d41f69d69/mtp/objects/Sensor4/VALEnFirstProbe/TagName/Actual
1480,devices/d119c456-717a-4aa2-af0a-1d6d41f69d69/mtp/objects/Sensor4/VALEnFirstProbe/VFbk/Actual
1481,devices/d119c456-717a-4aa2-af0a-1d6d41f69d69/mtp/objects/Sensor4/VALEnFirstProbe/VMan/Actual
1482,devices/d119c456-717a-4aa2-af0a-1d6d41f69d69/mtp/objects/Sensor4/VALEnFirstProbe/VOut/Actual
1483,devices/d119c456-717a-4aa2-af0a-1d6d41f69d69/mtp/objects/Sensor4/VALEnFirstProbe/VRbk/Actual
1484,devices/d119c456-717a-4aa2-af0a-1d6d41f69d69/mtp/objects/Sensor4/VALEnFirstProbe/VState0/Actual
1485,devices/d119c456-717a-4aa2-af0a-1d6d41f69d69/mtp/objects/Sensor4/VALEnFirstProbe/VState1/Actual
1486,devices/d119c456-717a-4aa2-af0a-1d6d41f69d69/mtp/objects/Sensor4/VALEnSecondProbe/OSLevel/Actual
1487,devices/d119c456-717a-4aa2-af0a-1d6d41f69d69/mtp/objects/Sensor4/VALEnSecondProbe/TagDescription/Actual
1488,devices/d119c456-717a-4aa2-af0a-1d6d41f69d69/mtp/objects/Sensor4/VALEnSecondProbe/TagName/Actual
1489,devices/d119c456-717a-4aa2-af0a-1d6d41f69d69/mtp/objects/Sensor4/VALEnSecondProbe/VFbk/Actual
1490,devices/d119c456-717a-4aa2-af0a-1d6d41f69d69/mtp/objects/Sensor4/VALEnSecondProbe/VMan/Actual
1491,devices/d119c456-717a-4aa2-af0a-1d6d41f69d69/mtp/objects/Sensor4/VALEnSecondProbe/VOut/Actual
1492,devices/d119c456-717a-4aa2-af0a-1d6d41f69d69/mtp/objects/Sensor4/VALEnSecondProbe/VRbk/Actual
1493,devices/d119c456-717a-4aa2-af0a-1d6d41f69d69/mtp/objects/Sensor4/VALEnSecondProbe/VState0/Actual
1494,devices/d119c456-717a-4aa2-af0a-1d6d41f69d69/mtp/objects/Sensor4/VALEnSecondProbe/VState1/Actual
1495,devices/d119c456-717a-4aa2-af0a-1d6d41f69d69/mtp/objects/Sensor4/VALEnThirdProbe/OSLevel/Actual
1496,devices/d119c456-717a-4aa2-af0a-1d6d41f69d69/mtp/objects/Sensor4/VALEnThirdProbe/TagDescription/Actual
1497,devices/d119c456-717a-4aa2-af0a-1d6d41f69d69/mtp/objects/Sensor4/VALEnThirdProbe/TagName/Actual
1498,devices/d119c456-717a-4aa2-af0a-1d6d41f69d69/mtp/objects/Sensor4/VALEnThirdProbe/VFbk/Actual
1499,devices/d119c456-717a-4aa2-af0a-1d6d41f69d69/mtp/objects/Sensor4/VALEnThirdProbe/VMan/Actual
1500,devices/d119c456-717a-4aa2-af0a-1d6d41f69d69/mtp/objects/Sensor4/VALEnThirdProbe/VOut/Actual
1501,devices/d119c456-717a-4aa2-af0a-1d6d41f69d69/mtp/objects/Sensor4/VALEnThirdProbe/VRbk/Actual
1502,devices/d119c456-717a-4aa2-af0a-1d6d41f69d69/mtp/objects/Sensor4/VALEnThirdProbe/VState0/Actual
1503,devices/d119c456-717a-4aa2-af0a-1d6d41f69d69/mtp/objects/Sensor4/VALEnThirdProbe/VState1/Actual
1504,devices/d119c456-717a-4aa2-af0a-1d6d41f69d69/mtp/objects/Sensor4/measurementFirstProbe/OSLevel/Actual
1505,devices/d119c456-717a-4aa2-af0a-1d6d41f69d69/mtp/objects/Sensor4/measurementFirstProbe/TagDescription/Actual
1506,devices/d119c456-717a-4aa2-af0a-1d6d41f69d69/mtp/objects/Sensor4/measurementFirstProbe/TagName/Actual
1507,devices/d119c456-717a-4aa2-af0a-1d6d41f69d69/mtp/objects/Sensor4/measurementFirstProbe/V/Actual
1508,devices/d119c456-717a-4aa2-af0a-1d6d41f69d69/mtp/objects/Sensor4/measurementFirstProbe/VAHAct/Actual
1509,devices/d119c456-717a-4aa2-af0a-1d6d41f69d69/mtp/objects/Sensor4/measurementFirstProbe/VAHEn/Actual
1510,devices/d119c456-717a-4aa2-af0a-1d6d41f69d69/mtp/objects/Sensor4/measurementFirstProbe/VAHLim/Actual
1511,devices/d119c456-717a-4aa2-af0a-1d6d41f69d69/mtp/objects/Sensor4/measurementFirstProbe/VALAct/Actual
1512,devices/d119c456-717a-4aa2-af0a-1d6d41f69d69/mtp/objects/Sensor4/measurementFirstProbe/VALEn/Actual
1513,devices/d119c456-717a-4aa2-af0a-1d6d41f69d69/mtp/objects/Sensor4/measurementFirstProbe/VALLim/Actual
1514,devices/d119c456-717a-4aa2-af0a-1d6d41f69d69/mtp/objects/Sensor4/measurementFirstProbe/VSclMax/Actual
1515,devices/d119c456-717a-4aa2-af0a-1d6d41f69d69/mtp/objects/Sensor4/measurementFirstProbe/VSclMin/Actual
1516,devices/d119c456-717a-4aa2-af0a-1d6d41f69d69/mtp/objects/Sensor4/measurementFirstProbe/VTHAct/Actual
1517,devices/d119c456-717a-4aa2-af0a-1d6d41f69d69/mtp/objects/Sensor4/measurementFirstProbe/VTHEn/Actual
1518,devices/d119c456-717a-4aa2-af0a-1d6d41f69d69/mtp/objects/Sensor4/measurementFirstProbe/VTHLim/Actual
1519,devices/d119c456-717a-4aa2-af0a-1d6d41f69d69/mtp/objects/Sensor4/measurementFirstProbe/VTLAct/Actual
1520,devices/d119c456-717a-4aa2-af0a-1d6d41f69d69/mtp/objects/Sensor4/measurementFirstProbe/VTLEn/Actual
1521,devices/d119c456-717a-4aa2-af0a-1d6d41f69d69/mtp/objects/Sensor4/measurementFirstProbe/VTLLim/Actual
1522,devices/d119c456-717a-4aa2-af0a-1d6d41f69d69/mtp/objects/Sensor4/measurementFirstProbe/VUnit/Actual
1523,devices/d119c456-717a-4aa2-af0a-1d6d41f69d69/mtp/objects/Sensor4/measurementFirstProbe/VWHAct/Actual
1524,devices/d119c456-717a-4aa2-af0a-1d6d41f69d69/mtp/objects/Sensor4/measurementFirstProbe/VWHEn/Actual
1525,devices/d119c456-717a-4aa2-af0a-1d6d41f69d69/mtp/objects/Sensor4/measurementFirstProbe/VWHLim/Actual
1526,devices/d119c456-717a-4aa2-af0a-1d6d41f69d69/mtp/objects/Sensor4/measurementFirstProbe/VWLAct/Actual
1527,devices/d119c456-717a-4aa2-af0a-1d6d41f69d69/mtp/objects/Sensor4/measurementFirstProbe/VWLEn/Actual
1528,devices/d119c456-717a-4aa2-af0a-1d6d41f69d69/mtp/objects/Sensor4/measurementFirstProbe/VWLLim/Actual
1529,devices/d119c456-717a-4aa2-af0a-1d6d41f69d69/mtp/objects/Sensor4/measurementFirstProbe/WQC/Actual
1530,devices/d119c456-717a-4aa2-af0a-1d6d41f69d69/mtp/objects/Sensor4/measurementSecondProbe/OSLevel/Actual
1531,devices/d119c456-717a-4aa2-af0a-1d6d41f69d69/mtp/objects/Sensor4/measurementSecondProbe/TagDescription/Actual
1532,devices/d119c456-717a-4aa2-af0a-1d6d41f69d69/mtp/objects/Sensor4/measurementSecondProbe/TagName/Actual
1533,devices/d119c456-717a-4aa2-af0a-1d6d41f69d69/mtp/objects/Sensor4/measurementSecondProbe/V/Actual
1534,devices/d119c456-717a-4aa2-af0a-1d6d41f69d69/mtp/objects/Sensor4/measurementSecondProbe/VAHAct/Actual
1535,devices/d119c456-717a-4aa2-af0a-1d6d41f69d69/mtp/objects/Sensor4/measurementSecondProbe/VAHEn/Actual
1536,devices/d119c456-717a-4aa2-af0a-1d6d41f69d69/mtp/objects/Sensor4/measurementSecondProbe/VAHLim/Actual
1537,devices/d119c456-717a-4aa2-af0a-1d6d41f69d69/mtp/objects/Sensor4/measurementSecondProbe/VALAct/Actual
1538,devices/d119c456-717a-4aa2-af0a-1d6d41f69d69/mtp/objects/Sensor4/measurementSecondProbe/VALEn/Actual
1539,devices/d119c456-717a-4aa2-af0a-1d6d41f69d69/mtp/objects/Sensor4/measurementSecondProbe/VALLim/Actual
1540,devices/d119c456-717a-4aa2-af0a-1d6d41f69d69/mtp/objects/Sensor4/measurementSecondProbe/VSclMax/Actual
1541,devices/d119c456-717a-4aa2-af0a-1d6d41f69d69/mtp/objects/Sensor4/measurementSecondProbe/VSclMin/Actual
1542,devices/d119c456-717a-4aa2-af0a-1d6d41f69d69/mtp/objects/Sensor4/measurementSecondProbe/VTHAct/Actual
1543,devices/d119c456-717a-4aa2-af0a-1d6d41f69d69/mtp/objects/Sensor4/measurementSecondProbe/VTHEn/Actual
1544,devices/d119c456-717a-4aa2-af0a-1d6d41f69d69/mtp/objects/Sensor4/measurementSecondProbe/VTHLim/Actual
1545,devices/d119c456-717a-4aa2-af0a-1d6d41f69d69/mtp/objects/Sensor4/measurementSecondProbe/VTLAct/Actual
1546,devices/d119c456-717a-4aa2-af0a-1d6d41f69d69/mtp/objects/Sensor4/measurementSecondProbe/VTLEn/Actual
1547,devices/d119c456-717a-4aa2-af0a-1d6d41f69d69/mtp/objects/Sensor4/measurementSecondProbe/VTLLim/Actual
1548,devices/d119c456-717a-4aa2-af0a-1d6d41f69d69/mtp/objects/Sensor4/measurementSecondProbe/VUnit/Actual
1549,devices/d119c456-717a-4aa2-af0a-1d6d41f69d69/mtp/objects/Sensor4/measurementSecondProbe/VWHAct/Actual
1550,devices/d119c456-717a-4aa2-af0a-1d6d41f69d69/mtp/objects/Sensor4/measurementSecondProbe/VWHEn/Actual
1551,devices/d119c456-717a-4aa2-af0a-1d6d41f69d69/mtp/objects/Sensor4/measurementSecondProbe/VWHLim/Actual
1552,devices/d119c456-717a-4aa2-af0a-1d6d41f69d69/mtp/objects/Sensor4/measurementSecondProbe/VWLAct/Actual
1553,devices/d119c456-717a-4aa2-af0a-1d6d41f69d69/mtp/objects/Sensor4/measurementSecondProbe/VWLEn/Actual
1554,devices/d119c456-717a-4aa2-af0a-1d6d41f69d69/mtp/objects/Sensor4/measurementSecondProbe/VWLLim/Actual
1555,devices/d119c456-717a-4aa2-af0a-1d6d41f69d69/mtp/objects/Sensor4/measurementSecondProbe/WQC/Actual
1556,devices/d119c456-717a-4aa2-af0a-1d6d41f69d69/mtp/objects/Sensor4/measurementThirdProbe/OSLevel/Actual
1557,devices/d119c456-717a-4aa2-af0a-1d6d41f69d69/mtp/objects/Sensor4/measurementThirdProbe/TagDescription/Actual
1558,devices/d119c456-717a-4aa2-af0a-1d6d41f69d69/mtp/objects/Sensor4/measurementThirdProbe/TagName/Actual
1559,devices/d119c456-717a-4aa2-af0a-1d6d41f69d69/mtp/objects/Sensor4/measurementThirdProbe/V/Actual
1560,devices/d119c456-717a-4aa2-af0a-1d6d41f69d69/mtp/objects/Sensor4/measurementThirdProbe/VAHAct/Actual
1561,devices/d119c456-717a-4aa2-af0a-1d6d41f69d69/mtp/objects/Sensor4/measurementThirdProbe/VAHEn/Actual
1562,devices/d119c456-717a-4aa2-af0a-1d6d41f69d69/mtp/objects/Sensor4/measurementThirdProbe/VAHLim/Actual
1563,devices/d119c456-717a-4aa2-af0a-1d6d41f69d69/mtp/objects/Sensor4/measurementThirdProbe/VALAct/Actual
1564,devices/d119c456-717a-4aa2-af0a-1d6d41f69d69/mtp/objects/Sensor4/measurementThirdProbe/VALEn/Actual
1565,devices/d119c456-717a-4aa2-af0a-1d6d41f69d69/mtp/objects/Sensor4/measurementThirdProbe/VALLim/Actual
1566,devices/d119c456-717a-4aa2-af0a-1d6d41f69d69/mtp/objects/Sensor4/measurementThirdProbe/VSclMax/Actual
1567,devices/d119c456-717a-4aa2-af0a-1d6d41f69d69/mtp/objects/Sensor4/measurementThirdProbe/VSclMin/Actual
1568,devices/d119c456-717a-4aa2-af0a-1d6d41f69d69/mtp/objects/Sensor4/measurementThirdProbe/VTHAct/Actual
1569,devices/d119c456-717a-4aa2-af0a-1d6d41f69d69/mtp/objects/Sensor4/measurementThirdProbe/VTHEn/Actual
1570,devices/d119c456-717a-4aa2-af0a-1d6d41f69d69/mtp/objects/Sensor4/measurementThirdProbe/VTHLim/Actual
1571,devices/d119c456-717a-4aa2-af0a-1d6d41f69d69/mtp/objects/Sensor4/measurementThirdProbe/VTLAct/Actual
1572,devices/d119c456-717a-4aa2-af0a-1d6d41f69d69/mtp/objects/Sensor4/measurementThirdProbe/VTLEn/Actual
1573,devices/d119c456-717a-4aa2-af0a-1d6d41f69d69/mtp/objects/Sensor4/measurementThirdProbe/VTLLim/Actual
1574,devices/d119c456-717a-4aa2-af0a-1d6d41f69d69/mtp/objects/Sensor4/measurementThirdProbe/VUnit/Actual
1575,devices/d119c456-717a-4aa2-af0a-1d6d41f69d69/mtp/objects/Sensor4/measurementThirdProbe/VWHAct/Actual
1576,devices/d119c456-717a-4aa2-af0a-1d6d41f69d69/mtp/objects/Sensor4/measurementThirdProbe/VWHEn/Actual
1577,devices/d119c456-717a-4aa2-af0a-1d6d41f69d69/mtp/objects/Sensor4/measurementThirdProbe/VWHLim/Actual
1578,devices/d119c456-717a-4aa2-af0a-1d6d41f69d69/mtp/objects/Sensor4/measurementThirdProbe/VWLAct/Actual
1579,devices/d119c456-717a-4aa2-af0a-1d6d41f69d69/mtp/objects/Sensor4/measurementThirdProbe/VWLEn/Actual
1580,devices/d119c456-717a-4aa2-af0a-1d6d41f69d69/mtp/objects/Sensor4/measurementThirdProbe/VWLLim/Actual
1581,devices/d119c456-717a-4aa2-af0a-1d6d41f69d69/mtp/objects/Sensor4/measurementThirdProbe/WQC/Actual
1582,devices/d119c456-717a-4aa2-af0a-1d6d41f69d69/mtp/objects/Sensor4/metadata/TagDescription/Actual
1583,devices/d119c456-717a-4aa2-af0a-1d6d41f69d69/mtp/objects/Sensor4/metadata/TagName/Actual
1584,devices/d119c456-717a-4aa2-af0a-1d6d41f69d69/mtp/objects/Sensor4/metadata/Text/Actual
1585,devices/d119c456-717a-4aa2-af0a-1d6d41f69d69/mtp/objects/Sensor4/metadata/WQC/Actual
1586,devices/d119c456-717a-4aa2-af0a-1d6d41f69d69/mtp/objects/Sensor4/moduleIdentificationTrigger/OSLevel/Actual
1587,devices/d119c456-717a-4aa2-af0a-1d6d41f69d69/mtp/objects/Sensor4/moduleIdentificationTrigger/TagDescription/Actual
1588,devices/d119c456-717a-4aa2-af0a-1d6d41f69d69/mtp/objects/Sensor4/moduleIdentificationTrigger/TagName/Actual
1589,devices/d119c456-717a-4aa2-af0a-1d6d41f69d69/mtp/objects/Sensor4/moduleIdentificationTrigger/VFbk/Actual
1590,devices/d119c456-717a-4aa2-af0a-1d6d41f69d69/mtp/objects/Sensor4/moduleIdentificationTrigger/VMan/Actual
1591,devices/d119c456-717a-4aa2-af0a-1d6d41f69d69/mtp/objects/Sensor4/moduleIdentificationTrigger/VOut/Actual
1592,devices/d119c456-717a-4aa2-af0a-1d6d41f69d69/mtp/objects/Sensor4/moduleIdentificationTrigger/VRbk/Actual
1593,devices/d119c456-717a-4aa2-af0a-1d6d41f69d69/mtp/objects/Sensor4/moduleIdentificationTrigger/VState0/Actual
1594,devices/d119c456-717a-4aa2-af0a-1d6d41f69d69/mtp/objects/Sensor4/moduleIdentificationTrigger/VState1/Actual
1595,devices/d119c456-717a-4aa2-af0a-1d6d41f69d69/mtp/objects/Sensor4/qualityIndicator/TagDescription/Actual
1596,devices/d119c456-717a-4aa2-af0a-1d6d41f69d69/mtp/objects/Sensor4/qualityIndicator/TagName/Actual
1597,devices/d119c456-717a-4aa2-af0a-1d6d41f69d69/mtp/objects/Sensor4/qualityIndicator/V/Actual
1598,devices/d119c456-717a-4aa2-af0a-1d6d41f69d69/mtp/objects/Sensor4/qualityIndicator/VSclMax/Actual
1599,devices/d119c456-717a-4aa2-af0a-1d6d41f69d69/mtp/objects/Sensor4/qualityIndicator/VSclMin/Actual
1600,devices/d119c456-717a-4aa2-af0a-1d6d41f69d69/mtp/objects/Sensor4/qualityIndicator/VUnit/Actual
1601,devices/d119c456-717a-4aa2-af0a-1d6d41f69d69/mtp/objects/Sensor4/qualityIndicator/WQC/Actual
1602,devices/d119c456-717a-4aa2-af0a-1d6d41f69d69/mtp/objects/Sensor4/serialNumber/TagDescription/Actual
1603,devices/d119c456-717a-4aa2-af0a-1d6d41f69d69/mtp/objects/Sensor4/serialNumber/TagName/Actual
1604,devices/d119c456-717a-4aa2-af0a-1d6d41f69d69/mtp/objects/Sensor4/serialNumber/Text/Actual
1605,devices/d119c456-717a-4aa2-af0a-1d6d41f69d69/mtp/objects/Sensor4/serialNumber/WQC/Actual
1606,devices/d119c456-717a-4aa2-af0a-1d6d41f69d69/status/connection_status
1607,devices/d119c456-717a-4aa2-af0a-1d6d41f69d69/status/uptime
1608,devices/d2304eda-30b4-41bc-a866-b39bdf7f4b90/assigned_to_batch
1609,devices/d2304eda-30b4-41bc-a866-b39bdf7f4b90/assigned_to_pnid
1610,devices/d2304eda-30b4-41bc-a866-b39bdf7f4b90/assigned_to_process
1611,devices/d2304eda-30b4-41bc-a866-b39bdf7f4b90/assigned_to_system
1612,devices/d2304eda-30b4-41bc-a866-b39bdf7f4b90/diagnostics/CoreBoard/Text/Actual
1613,devices/d2304eda-30b4-41bc-a866-b39bdf7f4b90/metadata
1614,devices/d2304eda-30b4-41bc-a866-b39bdf7f4b90/mtp/objects/Agitator/agitator/FwdAut/Actual
1615,devices/d2304eda-30b4-41bc-a866-b39bdf7f4b90/mtp/objects/Agitator/agitator/FwdCtrl/Actual
1616,devices/d2304eda-30b4-41bc-a866-b39bdf7f4b90/mtp/objects/Agitator/agitator/FwdEn/Actual
1617,devices/d2304eda-30b4-41bc-a866-b39bdf7f4b90/mtp/objects/Agitator/agitator/FwdFbk/Actual
1618,devices/d2304eda-30b4-41bc-a866-b39bdf7f4b90/mtp/objects/Agitator/agitator/FwdFbkCalc/Actual
1619,devices/d2304eda-30b4-41bc-a866-b39bdf7f4b90/mtp/objects/Agitator/agitator/FwdOp/Actual
1620,devices/d2304eda-30b4-41bc-a866-b39bdf7f4b90/mtp/objects/Agitator/agitator/FwdOp/Setpoint
1621,devices/d2304eda-30b4-41bc-a866-b39bdf7f4b90/mtp/objects/Agitator/agitator/Interlock/Actual
1622,devices/d2304eda-30b4-41bc-a866-b39bdf7f4b90/mtp/objects/Agitator/agitator/IntlEn/Actual
1623,devices/d2304eda-30b4-41bc-a866-b39bdf7f4b90/mtp/objects/Agitator/agitator/MonDynErr/Actual
1624,devices/d2304eda-30b4-41bc-a866-b39bdf7f4b90/mtp/objects/Agitator/agitator/MonDynTi/Actual
1625,devices/d2304eda-30b4-41bc-a866-b39bdf7f4b90/mtp/objects/Agitator/agitator/MonEn/Actual
1626,devices/d2304eda-30b4-41bc-a866-b39bdf7f4b90/mtp/objects/Agitator/agitator/MonSafePos/Actual
1627,devices/d2304eda-30b4-41bc-a866-b39bdf7f4b90/mtp/objects/Agitator/agitator/MonStatErr/Actual
1628,devices/d2304eda-30b4-41bc-a866-b39bdf7f4b90/mtp/objects/Agitator/agitator/MonStatTi/Actual
1629,devices/d2304eda-30b4-41bc-a866-b39bdf7f4b90/mtp/objects/Agitator/agitator/OSLevel/Actual
1630,devices/d2304eda-30b4-41bc-a866-b39bdf7f4b90/mtp/objects/Agitator/agitator/PermEn/Actual
1631,devices/d2304eda-30b4-41bc-a866-b39bdf7f4b90/mtp/objects/Agitator/agitator/Permit/Actual
1632,devices/d2304eda-30b4-41bc-a866-b39bdf7f4b90/mtp/objects/Agitator/agitator/ProtEn/Actual
1633,devices/d2304eda-30b4-41bc-a866-b39bdf7f4b90/mtp/objects/Agitator/agitator/Protect/Actual
1634,devices/d2304eda-30b4-41bc-a866-b39bdf7f4b90/mtp/objects/Agitator/agitator/ResetAut/Actual
1635,devices/d2304eda-30b4-41bc-a866-b39bdf7f4b90/mtp/objects/Agitator/agitator/ResetOp/Actual
1636,devices/d2304eda-30b4-41bc-a866-b39bdf7f4b90/mtp/objects/Agitator/agitator/RevAut/Actual
1637,devices/d2304eda-30b4-41bc-a866-b39bdf7f4b90/mtp/objects/Agitator/agitator/RevCtrl/Actual
1638,devices/d2304eda-30b4-41bc-a866-b39bdf7f4b90/mtp/objects/Agitator/agitator/RevEn/Actual
1639,devices/d2304eda-30b4-41bc-a866-b39bdf7f4b90/mtp/objects/Agitator/agitator/RevFbk/Actual
1640,devices/d2304eda-30b4-41bc-a866-b39bdf7f4b90/mtp/objects/Agitator/agitator/RevFbkCalc/Actual
1641,devices/d2304eda-30b4-41bc-a866-b39bdf7f4b90/mtp/objects/Agitator/agitator/RevOp/Actual
1642,devices/d2304eda-30b4-41bc-a866-b39bdf7f4b90/mtp/objects/Agitator/agitator/Rpm/Actual
1643,devices/d2304eda-30b4-41bc-a866-b39bdf7f4b90/mtp/objects/Agitator/agitator/RpmAHAct/Actual
1644,devices/d2304eda-30b4-41bc-a866-b39bdf7f4b90/mtp/objects/Agitator/agitator/RpmAHEn/Actual
1645,devices/d2304eda-30b4-41bc-a866-b39bdf7f4b90/mtp/objects/Agitator/agitator/RpmAHLim/Actual
1646,devices/d2304eda-30b4-41bc-a866-b39bdf7f4b90/mtp/objects/Agitator/agitator/RpmALAct/Actual
1647,devices/d2304eda-30b4-41bc-a866-b39bdf7f4b90/mtp/objects/Agitator/agitator/RpmALEn/Actual
1648,devices/d2304eda-30b4-41bc-a866-b39bdf7f4b90/mtp/objects/Agitator/agitator/RpmALLim/Actual
1649,devices/d2304eda-30b4-41bc-a866-b39bdf7f4b90/mtp/objects/Agitator/agitator/RpmErr/Actual
1650,devices/d2304eda-30b4-41bc-a866-b39bdf7f4b90/mtp/objects/Agitator/agitator/RpmFbk/Actual
1651,devices/d2304eda-30b4-41bc-a866-b39bdf7f4b90/mtp/objects/Agitator/agitator/RpmFbkCalc/Actual
1652,devices/d2304eda-30b4-41bc-a866-b39bdf7f4b90/mtp/objects/Agitator/agitator/RpmInt/Actual
1653,devices/d2304eda-30b4-41bc-a866-b39bdf7f4b90/mtp/objects/Agitator/agitator/RpmMan/Actual
1654,devices/d2304eda-30b4-41bc-a866-b39bdf7f4b90/mtp/objects/Agitator/agitator/RpmMax/Actual
1655,devices/d2304eda-30b4-41bc-a866-b39bdf7f4b90/mtp/objects/Agitator/agitator/RpmMin/Actual
1656,devices/d2304eda-30b4-41bc-a866-b39bdf7f4b90/mtp/objects/Agitator/agitator/RpmRbk/Actual
1657,devices/d2304eda-30b4-41bc-a866-b39bdf7f4b90/mtp/objects/Agitator/agitator/RpmSclMax/Actual
1658,devices/d2304eda-30b4-41bc-a866-b39bdf7f4b90/mtp/objects/Agitator/agitator/RpmSclMin/Actual
1659,devices/d2304eda-30b4-41bc-a866-b39bdf7f4b90/mtp/objects/Agitator/agitator/RpmUnit/Actual
1660,devices/d2304eda-30b4-41bc-a866-b39bdf7f4b90/mtp/objects/Agitator/agitator/SafePos/Actual
1661,devices/d2304eda-30b4-41bc-a866-b39bdf7f4b90/mtp/objects/Agitator/agitator/SafePosAct/Actual
1662,devices/d2304eda-30b4-41bc-a866-b39bdf7f4b90/mtp/objects/Agitator/agitator/SrcChannel/Actual
1663,devices/d2304eda-30b4-41bc-a866-b39bdf7f4b90/mtp/objects/Agitator/agitator/SrcIntAct/Actual
1664,devices/d2304eda-30b4-41bc-a866-b39bdf7f4b90/mtp/objects/Agitator/agitator/SrcIntAut/Actual
1665,devices/d2304eda-30b4-41bc-a866-b39bdf7f4b90/mtp/objects/Agitator/agitator/SrcIntOp/Actual
1666,devices/d2304eda-30b4-41bc-a866-b39bdf7f4b90/mtp/objects/Agitator/agitator/SrcManAct/Actual
1667,devices/d2304eda-30b4-41bc-a866-b39bdf7f4b90/mtp/objects/Agitator/agitator/SrcManAut/Actual
1668,devices/d2304eda-30b4-41bc-a866-b39bdf7f4b90/mtp/objects/Agitator/agitator/SrcManOp/Actual
1669,devices/d2304eda-30b4-41bc-a866-b39bdf7f4b90/mtp/objects/Agitator/agitator/StateAutAct/Actual
1670,devices/d2304eda-30b4-41bc-a866-b39bdf7f4b90/mtp/objects/Agitator/agitator/StateAutAut/Actual
1671,devices/d2304eda-30b4-41bc-a866-b39bdf7f4b90/mtp/objects/Agitator/agitator/StateAutOp/Actual
1672,devices/d2304eda-30b4-41bc-a866-b39bdf7f4b90/mtp/objects/Agitator/agitator/StateChannel/Actual
1673,devices/d2304eda-30b4-41bc-a866-b39bdf7f4b90/mtp/objects/Agitator/agitator/StateOffAct/Actual
1674,devices/d2304eda-30b4-41bc-a866-b39bdf7f4b90/mtp/objects/Agitator/agitator/StateOffAut/Actual
1675,devices/d2304eda-30b4-41bc-a866-b39bdf7f4b90/mtp/objects/Agitator/agitator/StateOffOp/Actual
1676,devices/d2304eda-30b4-41bc-a866-b39bdf7f4b90/mtp/objects/Agitator/agitator/StateOpAct/Actual
1677,devices/d2304eda-30b4-41bc-a866-b39bdf7f4b90/mtp/objects/Agitator/agitator/StateOpAut/Actual
1678,devices/d2304eda-30b4-41bc-a866-b39bdf7f4b90/mtp/objects/Agitator/agitator/StateOpOp/Actual
1679,devices/d2304eda-30b4-41bc-a866-b39bdf7f4b90/mtp/objects/Agitator/agitator/StopAut/Actual
1680,devices/d2304eda-30b4-41bc-a866-b39bdf7f4b90/mtp/objects/Agitator/agitator/StopOp/Actual
1681,devices/d2304eda-30b4-41bc-a866-b39bdf7f4b90/mtp/objects/Agitator/agitator/StopOp/Setpoint
1682,devices/d2304eda-30b4-41bc-a866-b39bdf7f4b90/mtp/objects/Agitator/agitator/TagDescription/Actual
1683,devices/d2304eda-30b4-41bc-a866-b39bdf7f4b90/mtp/objects/Agitator/agitator/TagName/Actual
1684,devices/d2304eda-30b4-41bc-a866-b39bdf7f4b90/mtp/objects/Agitator/agitator/Trip/Actual
1685,devices/d2304eda-30b4-41bc-a866-b39bdf7f4b90/mtp/objects/Agitator/agitator/WQC/Actual
1686,devices/d2304eda-30b4-41bc-a866-b39bdf7f4b90/mtp/objects/Agitator/errors/TagDescription/Actual
1687,devices/d2304eda-30b4-41bc-a866-b39bdf7f4b90/mtp/objects/Agitator/errors/TagName/Actual
1688,devices/d2304eda-30b4-41bc-a866-b39bdf7f4b90/mtp/objects/Agitator/errors/Text/Actual
1689,devices/d2304eda-30b4-41bc-a866-b39bdf7f4b90/mtp/objects/Agitator/errors/WQC/Actual
1690,devices/d2304eda-30b4-41bc-a866-b39bdf7f4b90/mtp/objects/Agitator/metadata/TagDescription/Actual
1691,devices/d2304eda-30b4-41bc-a866-b39bdf7f4b90/mtp/objects/Agitator/metadata/TagName/Actual
1692,devices/d2304eda-30b4-41bc-a866-b39bdf7f4b90/mtp/objects/Agitator/metadata/Text/Actual
1693,devices/d2304eda-30b4-41bc-a866-b39bdf7f4b90/mtp/objects/Agitator/metadata/WQC/Actual
1694,devices/d2304eda-30b4-41bc-a866-b39bdf7f4b90/mtp/objects/Agitator/rpmAHEN/OSLevel/Actual
1695,devices/d2304eda-30b4-41bc-a866-b39bdf7f4b90/mtp/objects/Agitator/rpmAHEN/SrcChannel/Actual
1696,devices/d2304eda-30b4-41bc-a866-b39bdf7f4b90/mtp/objects/Agitator/rpmAHEN/SrcIntAct/Actual
1697,devices/d2304eda-30b4-41bc-a866-b39bdf7f4b90/mtp/objects/Agitator/rpmAHEN/SrcIntAut/Actual
1698,devices/d2304eda-30b4-41bc-a866-b39bdf7f4b90/mtp/objects/Agitator/rpmAHEN/SrcIntOp/Actual
1699,devices/d2304eda-30b4-41bc-a866-b39bdf7f4b90/mtp/objects/Agitator/rpmAHEN/SrcManAct/Actual
1700,devices/d2304eda-30b4-41bc-a866-b39bdf7f4b90/mtp/objects/Agitator/rpmAHEN/SrcManAut/Actual
1701,devices/d2304eda-30b4-41bc-a866-b39bdf7f4b90/mtp/objects/Agitator/rpmAHEN/SrcManOp/Actual
1702,devices/d2304eda-30b4-41bc-a866-b39bdf7f4b90/mtp/objects/Agitator/rpmAHEN/TagDescription/Actual
1703,devices/d2304eda-30b4-41bc-a866-b39bdf7f4b90/mtp/objects/Agitator/rpmAHEN/TagName/Actual
1704,devices/d2304eda-30b4-41bc-a866-b39bdf7f4b90/mtp/objects/Agitator/rpmAHEN/VFbk/Actual
1705,devices/d2304eda-30b4-41bc-a866-b39bdf7f4b90/mtp/objects/Agitator/rpmAHEN/VInt/Actual
1706,devices/d2304eda-30b4-41bc-a866-b39bdf7f4b90/mtp/objects/Agitator/rpmAHEN/VMan/Actual
1707,devices/d2304eda-30b4-41bc-a866-b39bdf7f4b90/mtp/objects/Agitator/rpmAHEN/VOut/Actual
1708,devices/d2304eda-30b4-41bc-a866-b39bdf7f4b90/mtp/objects/Agitator/rpmAHEN/VRbk/Actual
1709,devices/d2304eda-30b4-41bc-a866-b39bdf7f4b90/mtp/objects/Agitator/rpmAHEN/VState0/Actual
1710,devices/d2304eda-30b4-41bc-a866-b39bdf7f4b90/mtp/objects/Agitator/rpmAHEN/VState1/Actual
1711,devices/d2304eda-30b4-41bc-a866-b39bdf7f4b90/mtp/objects/Agitator/rpmAHEN/WQC/Actual
1712,devices/d2304eda-30b4-41bc-a866-b39bdf7f4b90/mtp/objects/Agitator/rpmALEN/OSLevel/Actual
1713,devices/d2304eda-30b4-41bc-a866-b39bdf7f4b90/mtp/objects/Agitator/rpmALEN/SrcChannel/Actual
1714,devices/d2304eda-30b4-41bc-a866-b39bdf7f4b90/mtp/objects/Agitator/rpmALEN/SrcIntAct/Actual
1715,devices/d2304eda-30b4-41bc-a866-b39bdf7f4b90/mtp/objects/Agitator/rpmALEN/SrcIntAut/Actual
1716,devices/d2304eda-30b4-41bc-a866-b39bdf7f4b90/mtp/objects/Agitator/rpmALEN/SrcIntOp/Actual
1717,devices/d2304eda-30b4-41bc-a866-b39bdf7f4b90/mtp/objects/Agitator/rpmALEN/SrcManAct/Actual
1718,devices/d2304eda-30b4-41bc-a866-b39bdf7f4b90/mtp/objects/Agitator/rpmALEN/SrcManAut/Actual
1719,devices/d2304eda-30b4-41bc-a866-b39bdf7f4b90/mtp/objects/Agitator/rpmALEN/SrcManOp/Actual
1720,devices/d2304eda-30b4-41bc-a866-b39bdf7f4b90/mtp/objects/Agitator/rpmALEN/TagDescription/Actual
1721,devices/d2304eda-30b4-41bc-a866-b39bdf7f4b90/mtp/objects/Agitator/rpmALEN/TagName/Actual
1722,devices/d2304eda-30b4-41bc-a866-b39bdf7f4b90/mtp/objects/Agitator/rpmALEN/VFbk/Actual
1723,devices/d2304eda-30b4-41bc-a866-b39bdf7f4b90/mtp/objects/Agitator/rpmALEN/VInt/Actual
1724,devices/d2304eda-30b4-41bc-a866-b39bdf7f4b90/mtp/objects/Agitator/rpmALEN/VMan/Actual
1725,devices/d2304eda-30b4-41bc-a866-b39bdf7f4b90/mtp/objects/Agitator/rpmALEN/VOut/Actual
1726,devices/d2304eda-30b4-41bc-a866-b39bdf7f4b90/mtp/objects/Agitator/rpmALEN/VRbk/Actual
1727,devices/d2304eda-30b4-41bc-a866-b39bdf7f4b90/mtp/objects/Agitator/rpmALEN/VState0/Actual
1728,devices/d2304eda-30b4-41bc-a866-b39bdf7f4b90/mtp/objects/Agitator/rpmALEN/VState1/Actual
1729,devices/d2304eda-30b4-41bc-a866-b39bdf7f4b90/mtp/objects/Agitator/rpmALEN/WQC/Actual
1730,devices/d2304eda-30b4-41bc-a866-b39bdf7f4b90/mtp/objects/Agitator/temperature/OSLevel/Actual
1731,devices/d2304eda-30b4-41bc-a866-b39bdf7f4b90/mtp/objects/Agitator/temperature/TagDescription/Actual
1732,devices/d2304eda-30b4-41bc-a866-b39bdf7f4b90/mtp/objects/Agitator/temperature/TagName/Actual
1733,devices/d2304eda-30b4-41bc-a866-b39bdf7f4b90/mtp/objects/Agitator/temperature/V/Actual
1734,devices/d2304eda-30b4-41bc-a866-b39bdf7f4b90/mtp/objects/Agitator/temperature/VAHAct/Actual
1735,devices/d2304eda-30b4-41bc-a866-b39bdf7f4b90/mtp/objects/Agitator/temperature/VAHEn/Actual
1736,devices/d2304eda-30b4-41bc-a866-b39bdf7f4b90/mtp/objects/Agitator/temperature/VAHLim/Actual
1737,devices/d2304eda-30b4-41bc-a866-b39bdf7f4b90/mtp/objects/Agitator/temperature/VALAct/Actual
1738,devices/d2304eda-30b4-41bc-a866-b39bdf7f4b90/mtp/objects/Agitator/temperature/VALEn/Actual
1739,devices/d2304eda-30b4-41bc-a866-b39bdf7f4b90/mtp/objects/Agitator/temperature/VALLim/Actual
1740,devices/d2304eda-30b4-41bc-a866-b39bdf7f4b90/mtp/objects/Agitator/temperature/VSclMax/Actual
1741,devices/d2304eda-30b4-41bc-a866-b39bdf7f4b90/mtp/objects/Agitator/temperature/VSclMin/Actual
1742,devices/d2304eda-30b4-41bc-a866-b39bdf7f4b90/mtp/objects/Agitator/temperature/VTHAct/Actual
1743,devices/d2304eda-30b4-41bc-a866-b39bdf7f4b90/mtp/objects/Agitator/temperature/VTHEn/Actual
1744,devices/d2304eda-30b4-41bc-a866-b39bdf7f4b90/mtp/objects/Agitator/temperature/VTHLim/Actual
1745,devices/d2304eda-30b4-41bc-a866-b39bdf7f4b90/mtp/objects/Agitator/temperature/VTLAct/Actual
1746,devices/d2304eda-30b4-41bc-a866-b39bdf7f4b90/mtp/objects/Agitator/temperature/VTLEn/Actual
1747,devices/d2304eda-30b4-41bc-a866-b39bdf7f4b90/mtp/objects/Agitator/temperature/VTLLim/Actual
1748,devices/d2304eda-30b4-41bc-a866-b39bdf7f4b90/mtp/objects/Agitator/temperature/VUnit/Actual
1749,devices/d2304eda-30b4-41bc-a866-b39bdf7f4b90/mtp/objects/Agitator/temperature/VWHAct/Actual
1750,devices/d2304eda-30b4-41bc-a866-b39bdf7f4b90/mtp/objects/Agitator/temperature/VWHEn/Actual
1751,devices/d2304eda-30b4-41bc-a866-b39bdf7f4b90/mtp/objects/Agitator/temperature/VWHLim/Actual
1752,devices/d2304eda-30b4-41bc-a866-b39bdf7f4b90/mtp/objects/Agitator/temperature/VWLAct/Actual
1753,devices/d2304eda-30b4-41bc-a866-b39bdf7f4b90/mtp/objects/Agitator/temperature/VWLEn/Actual
1754,devices/d2304eda-30b4-41bc-a866-b39bdf7f4b90/mtp/objects/Agitator/temperature/VWLLim/Actual
1755,devices/d2304eda-30b4-41bc-a866-b39bdf7f4b90/mtp/objects/Agitator/temperature/WQC/Actual
1756,devices/d2304eda-30b4-41bc-a866-b39bdf7f4b90/mtp/objects/Agitator/tmpAHEN/OSLevel/Actual
1757,devices/d2304eda-30b4-41bc-a866-b39bdf7f4b90/mtp/objects/Agitator/tmpAHEN/SrcChannel/Actual
1758,devices/d2304eda-30b4-41bc-a866-b39bdf7f4b90/mtp/objects/Agitator/tmpAHEN/SrcIntAct/Actual
1759,devices/d2304eda-30b4-41bc-a866-b39bdf7f4b90/mtp/objects/Agitator/tmpAHEN/SrcIntAut/Actual
1760,devices/d2304eda-30b4-41bc-a866-b39bdf7f4b90/mtp/objects/Agitator/tmpAHEN/SrcIntOp/Actual
1761,devices/d2304eda-30b4-41bc-a866-b39bdf7f4b90/mtp/objects/Agitator/tmpAHEN/SrcManAct/Actual
1762,devices/d2304eda-30b4-41bc-a866-b39bdf7f4b90/mtp/objects/Agitator/tmpAHEN/SrcManAut/Actual
1763,devices/d2304eda-30b4-41bc-a866-b39bdf7f4b90/mtp/objects/Agitator/tmpAHEN/SrcManOp/Actual
1764,devices/d2304eda-30b4-41bc-a866-b39bdf7f4b90/mtp/objects/Agitator/tmpAHEN/TagDescription/Actual
1765,devices/d2304eda-30b4-41bc-a866-b39bdf7f4b90/mtp/objects/Agitator/tmpAHEN/TagName/Actual
1766,devices/d2304eda-30b4-41bc-a866-b39bdf7f4b90/mtp/objects/Agitator/tmpAHEN/VFbk/Actual
1767,devices/d2304eda-30b4-41bc-a866-b39bdf7f4b90/mtp/objects/Agitator/tmpAHEN/VInt/Actual
1768,devices/d2304eda-30b4-41bc-a866-b39bdf7f4b90/mtp/objects/Agitator/tmpAHEN/VMan/Actual
1769,devices/d2304eda-30b4-41bc-a866-b39bdf7f4b90/mtp/objects/Agitator/tmpAHEN/VOut/Actual
1770,devices/d2304eda-30b4-41bc-a866-b39bdf7f4b90/mtp/objects/Agitator/tmpAHEN/VRbk/Actual
1771,devices/d2304eda-30b4-41bc-a866-b39bdf7f4b90/mtp/objects/Agitator/tmpAHEN/VState0/Actual
1772,devices/d2304eda-30b4-41bc-a866-b39bdf7f4b90/mtp/objects/Agitator/tmpAHEN/VState1/Actual
1773,devices/d2304eda-30b4-41bc-a866-b39bdf7f4b90/mtp/objects/Agitator/tmpAHEN/WQC/Actual
1774,devices/d2304eda-30b4-41bc-a866-b39bdf7f4b90/mtp/objects/Agitator/tmpALEN/OSLevel/Actual
1775,devices/d2304eda-30b4-41bc-a866-b39bdf7f4b90/mtp/objects/Agitator/tmpALEN/SrcChannel/Actual
1776,devices/d2304eda-30b4-41bc-a866-b39bdf7f4b90/mtp/objects/Agitator/tmpALEN/SrcIntAct/Actual
1777,devices/d2304eda-30b4-41bc-a866-b39bdf7f4b90/mtp/objects/Agitator/tmpALEN/SrcIntAut/Actual
1778,devices/d2304eda-30b4-41bc-a866-b39bdf7f4b90/mtp/objects/Agitator/tmpALEN/SrcIntOp/Actual
1779,devices/d2304eda-30b4-41bc-a866-b39bdf7f4b90/mtp/objects/Agitator/tmpALEN/SrcManAct/Actual
1780,devices/d2304eda-30b4-41bc-a866-b39bdf7f4b90/mtp/objects/Agitator/tmpALEN/SrcManAut/Actual
1781,devices/d2304eda-30b4-41bc-a866-b39bdf7f4b90/mtp/objects/Agitator/tmpALEN/SrcManOp/Actual
1782,devices/d2304eda-30b4-41bc-a866-b39bdf7f4b90/mtp/objects/Agitator/tmpALEN/TagDescription/Actual
1783,devices/d2304eda-30b4-41bc-a866-b39bdf7f4b90/mtp/objects/Agitator/tmpALEN/TagName/Actual
1784,devices/d2304eda-30b4-41bc-a866-b39bdf7f4b90/mtp/objects/Agitator/tmpALEN/VFbk/Actual
1785,devices/d2304eda-30b4-41bc-a866-b39bdf7f4b90/mtp/objects/Agitator/tmpALEN/VInt/Actual
1786,devices/d2304eda-30b4-41bc-a866-b39bdf7f4b90/mtp/objects/Agitator/tmpALEN/VMan/Actual
1787,devices/d2304eda-30b4-41bc-a866-b39bdf7f4b90/mtp/objects/Agitator/tmpALEN/VOut/Actual
1788,devices/d2304eda-30b4-41bc-a866-b39bdf7f4b90/mtp/objects/Agitator/tmpALEN/VRbk/Actual
1789,devices/d2304eda-30b4-41bc-a866-b39bdf7f4b90/mtp/objects/Agitator/tmpALEN/VState0/Actual
1790,devices/d2304eda-30b4-41bc-a866-b39bdf7f4b90/mtp/objects/Agitator/tmpALEN/VState1/Actual
1791,devices/d2304eda-30b4-41bc-a866-b39bdf7f4b90/mtp/objects/Agitator/tmpALEN/WQC/Actual
1792,devices/d2304eda-30b4-41bc-a866-b39bdf7f4b90/status/connection_status
1793,devices/d2304eda-30b4-41bc-a866-b39bdf7f4b90/status/uptime
1794,devices/d57496a7-d1fb-4ece-ba31-dcfeda8753bc/assigned_to_pnid
1795,devices/d57496a7-d1fb-4ece-ba31-dcfeda8753bc/assigned_to_process
1796,devices/d57496a7-d1fb-4ece-ba31-dcfeda8753bc/assigned_to_system
1797,devices/d57496a7-d1fb-4ece-ba31-dcfeda8753bc/diagnostics/CoreBoard/Text/Actual
1798,devices/d57496a7-d1fb-4ece-ba31-dcfeda8753bc/metadata
1799,devices/d57496a7-d1fb-4ece-ba31-dcfeda8753bc/mtp/objects/Sensor2/VAHEnFirstProbe/OSLevel/Actual
1800,devices/d57496a7-d1fb-4ece-ba31-dcfeda8753bc/mtp/objects/Sensor2/VAHEnFirstProbe/TagDescription/Actual
1801,devices/d57496a7-d1fb-4ece-ba31-dcfeda8753bc/mtp/objects/Sensor2/VAHEnFirstProbe/TagName/Actual
1802,devices/d57496a7-d1fb-4ece-ba31-dcfeda8753bc/mtp/objects/Sensor2/VAHEnFirstProbe/VFbk/Actual
1803,devices/d57496a7-d1fb-4ece-ba31-dcfeda8753bc/mtp/objects/Sensor2/VAHEnFirstProbe/VMan/Actual
1804,devices/d57496a7-d1fb-4ece-ba31-dcfeda8753bc/mtp/objects/Sensor2/VAHEnFirstProbe/VOut/Actual
1805,devices/d57496a7-d1fb-4ece-ba31-dcfeda8753bc/mtp/objects/Sensor2/VAHEnFirstProbe/VRbk/Actual
1806,devices/d57496a7-d1fb-4ece-ba31-dcfeda8753bc/mtp/objects/Sensor2/VAHEnFirstProbe/VState0/Actual
1807,devices/d57496a7-d1fb-4ece-ba31-dcfeda8753bc/mtp/objects/Sensor2/VAHEnFirstProbe/VState1/Actual
1808,devices/d57496a7-d1fb-4ece-ba31-dcfeda8753bc/mtp/objects/Sensor2/VAHEnSecondProbe/OSLevel/Actual
1809,devices/d57496a7-d1fb-4ece-ba31-dcfeda8753bc/mtp/objects/Sensor2/VAHEnSecondProbe/TagDescription/Actual
1810,devices/d57496a7-d1fb-4ece-ba31-dcfeda8753bc/mtp/objects/Sensor2/VAHEnSecondProbe/TagName/Actual
1811,devices/d57496a7-d1fb-4ece-ba31-dcfeda8753bc/mtp/objects/Sensor2/VAHEnSecondProbe/VFbk/Actual
1812,devices/d57496a7-d1fb-4ece-ba31-dcfeda8753bc/mtp/objects/Sensor2/VAHEnSecondProbe/VMan/Actual
1813,devices/d57496a7-d1fb-4ece-ba31-dcfeda8753bc/mtp/objects/Sensor2/VAHEnSecondProbe/VOut/Actual
1814,devices/d57496a7-d1fb-4ece-ba31-dcfeda8753bc/mtp/objects/Sensor2/VAHEnSecondProbe/VRbk/Actual
1815,devices/d57496a7-d1fb-4ece-ba31-dcfeda8753bc/mtp/objects/Sensor2/VAHEnSecondProbe/VState0/Actual
1816,devices/d57496a7-d1fb-4ece-ba31-dcfeda8753bc/mtp/objects/Sensor2/VAHEnSecondProbe/VState1/Actual
1817,devices/d57496a7-d1fb-4ece-ba31-dcfeda8753bc/mtp/objects/Sensor2/VAHEnThirdProbe/OSLevel/Actual
1818,devices/d57496a7-d1fb-4ece-ba31-dcfeda8753bc/mtp/objects/Sensor2/VAHEnThirdProbe/TagDescription/Actual
1819,devices/d57496a7-d1fb-4ece-ba31-dcfeda8753bc/mtp/objects/Sensor2/VAHEnThirdProbe/TagName/Actual
1820,devices/d57496a7-d1fb-4ece-ba31-dcfeda8753bc/mtp/objects/Sensor2/VAHEnThirdProbe/VFbk/Actual
1821,devices/d57496a7-d1fb-4ece-ba31-dcfeda8753bc/mtp/objects/Sensor2/VAHEnThirdProbe/VMan/Actual
1822,devices/d57496a7-d1fb-4ece-ba31-dcfeda8753bc/mtp/objects/Sensor2/VAHEnThirdProbe/VOut/Actual
1823,devices/d57496a7-d1fb-4ece-ba31-dcfeda8753bc/mtp/objects/Sensor2/VAHEnThirdProbe/VRbk/Actual
1824,devices/d57496a7-d1fb-4ece-ba31-dcfeda8753bc/mtp/objects/Sensor2/VAHEnThirdProbe/VState0/Actual
1825,devices/d57496a7-d1fb-4ece-ba31-dcfeda8753bc/mtp/objects/Sensor2/VAHEnThirdProbe/VState1/Actual
1826,devices/d57496a7-d1fb-4ece-ba31-dcfeda8753bc/mtp/objects/Sensor2/VALEnFirstProbe/OSLevel/Actual
1827,devices/d57496a7-d1fb-4ece-ba31-dcfeda8753bc/mtp/objects/Sensor2/VALEnFirstProbe/TagDescription/Actual
1828,devices/d57496a7-d1fb-4ece-ba31-dcfeda8753bc/mtp/objects/Sensor2/VALEnFirstProbe/TagName/Actual
1829,devices/d57496a7-d1fb-4ece-ba31-dcfeda8753bc/mtp/objects/Sensor2/VALEnFirstProbe/VFbk/Actual
1830,devices/d57496a7-d1fb-4ece-ba31-dcfeda8753bc/mtp/objects/Sensor2/VALEnFirstProbe/VMan/Actual
1831,devices/d57496a7-d1fb-4ece-ba31-dcfeda8753bc/mtp/objects/Sensor2/VALEnFirstProbe/VOut/Actual
1832,devices/d57496a7-d1fb-4ece-ba31-dcfeda8753bc/mtp/objects/Sensor2/VALEnFirstProbe/VRbk/Actual
1833,devices/d57496a7-d1fb-4ece-ba31-dcfeda8753bc/mtp/objects/Sensor2/VALEnFirstProbe/VState0/Actual
1834,devices/d57496a7-d1fb-4ece-ba31-dcfeda8753bc/mtp/objects/Sensor2/VALEnFirstProbe/VState1/Actual
1835,devices/d57496a7-d1fb-4ece-ba31-dcfeda8753bc/mtp/objects/Sensor2/VALEnSecondProbe/OSLevel/Actual
1836,devices/d57496a7-d1fb-4ece-ba31-dcfeda8753bc/mtp/objects/Sensor2/VALEnSecondProbe/TagDescription/Actual
1837,devices/d57496a7-d1fb-4ece-ba31-dcfeda8753bc/mtp/objects/Sensor2/VALEnSecondProbe/TagName/Actual
1838,devices/d57496a7-d1fb-4ece-ba31-dcfeda8753bc/mtp/objects/Sensor2/VALEnSecondProbe/VFbk/Actual
1839,devices/d57496a7-d1fb-4ece-ba31-dcfeda8753bc/mtp/objects/Sensor2/VALEnSecondProbe/VMan/Actual
1840,devices/d57496a7-d1fb-4ece-ba31-dcfeda8753bc/mtp/objects/Sensor2/VALEnSecondProbe/VOut/Actual
1841,devices/d57496a7-d1fb-4ece-ba31-dcfeda8753bc/mtp/objects/Sensor2/VALEnSecondProbe/VRbk/Actual
1842,devices/d57496a7-d1fb-4ece-ba31-dcfeda8753bc/mtp/objects/Sensor2/VALEnSecondProbe/VState0/Actual
1843,devices/d57496a7-d1fb-4ece-ba31-dcfeda8753bc/mtp/objects/Sensor2/VALEnSecondProbe/VState1/Actual
1844,devices/d57496a7-d1fb-4ece-ba31-dcfeda8753bc/mtp/objects/Sensor2/VALEnThirdProbe/OSLevel/Actual
1845,devices/d57496a7-d1fb-4ece-ba31-dcfeda8753bc/mtp/objects/Sensor2/VALEnThirdProbe/TagDescription/Actual
1846,devices/d57496a7-d1fb-4ece-ba31-dcfeda8753bc/mtp/objects/Sensor2/VALEnThirdProbe/TagName/Actual
1847,devices/d57496a7-d1fb-4ece-ba31-dcfeda8753bc/mtp/objects/Sensor2/VALEnThirdProbe/VFbk/Actual
1848,devices/d57496a7-d1fb-4ece-ba31-dcfeda8753bc/mtp/objects/Sensor2/VALEnThirdProbe/VMan/Actual
1849,devices/d57496a7-d1fb-4ece-ba31-dcfeda8753bc/mtp/objects/Sensor2/VALEnThirdProbe/VOut/Actual
1850,devices/d57496a7-d1fb-4ece-ba31-dcfeda8753bc/mtp/objects/Sensor2/VALEnThirdProbe/VRbk/Actual
1851,devices/d57496a7-d1fb-4ece-ba31-dcfeda8753bc/mtp/objects/Sensor2/VALEnThirdProbe/VState0/Actual
1852,devices/d57496a7-d1fb-4ece-ba31-dcfeda8753bc/mtp/objects/Sensor2/VALEnThirdProbe/VState1/Actual
1853,devices/d57496a7-d1fb-4ece-ba31-dcfeda8753bc/mtp/objects/Sensor2/measurementFirstProbe/OSLevel/Actual
1854,devices/d57496a7-d1fb-4ece-ba31-dcfeda8753bc/mtp/objects/Sensor2/measurementFirstProbe/TagDescription/Actual
1855,devices/d57496a7-d1fb-4ece-ba31-dcfeda8753bc/mtp/objects/Sensor2/measurementFirstProbe/TagName/Actual
1856,devices/d57496a7-d1fb-4ece-ba31-dcfeda8753bc/mtp/objects/Sensor2/measurementFirstProbe/V/Actual
1857,devices/d57496a7-d1fb-4ece-ba31-dcfeda8753bc/mtp/objects/Sensor2/measurementFirstProbe/VAHAct/Actual
1858,devices/d57496a7-d1fb-4ece-ba31-dcfeda8753bc/mtp/objects/Sensor2/measurementFirstProbe/VAHEn/Actual
1859,devices/d57496a7-d1fb-4ece-ba31-dcfeda8753bc/mtp/objects/Sensor2/measurementFirstProbe/VAHLim/Actual
1860,devices/d57496a7-d1fb-4ece-ba31-dcfeda8753bc/mtp/objects/Sensor2/measurementFirstProbe/VALAct/Actual
1861,devices/d57496a7-d1fb-4ece-ba31-dcfeda8753bc/mtp/objects/Sensor2/measurementFirstProbe/VALEn/Actual
1862,devices/d57496a7-d1fb-4ece-ba31-dcfeda8753bc/mtp/objects/Sensor2/measurementFirstProbe/VALLim/Actual
1863,devices/d57496a7-d1fb-4ece-ba31-dcfeda8753bc/mtp/objects/Sensor2/measurementFirstProbe/VSclMax/Actual
1864,devices/d57496a7-d1fb-4ece-ba31-dcfeda8753bc/mtp/objects/Sensor2/measurementFirstProbe/VSclMin/Actual
1865,devices/d57496a7-d1fb-4ece-ba31-dcfeda8753bc/mtp/objects/Sensor2/measurementFirstProbe/VTHAct/Actual
1866,devices/d57496a7-d1fb-4ece-ba31-dcfeda8753bc/mtp/objects/Sensor2/measurementFirstProbe/VTHEn/Actual
1867,devices/d57496a7-d1fb-4ece-ba31-dcfeda8753bc/mtp/objects/Sensor2/measurementFirstProbe/VTHLim/Actual
1868,devices/d57496a7-d1fb-4ece-ba31-dcfeda8753bc/mtp/objects/Sensor2/measurementFirstProbe/VTLAct/Actual
1869,devices/d57496a7-d1fb-4ece-ba31-dcfeda8753bc/mtp/objects/Sensor2/measurementFirstProbe/VTLEn/Actual
1870,devices/d57496a7-d1fb-4ece-ba31-dcfeda8753bc/mtp/objects/Sensor2/measurementFirstProbe/VTLLim/Actual
1871,devices/d57496a7-d1fb-4ece-ba31-dcfeda8753bc/mtp/objects/Sensor2/measurementFirstProbe/VUnit/Actual
1872,devices/d57496a7-d1fb-4ece-ba31-dcfeda8753bc/mtp/objects/Sensor2/measurementFirstProbe/VWHAct/Actual
1873,devices/d57496a7-d1fb-4ece-ba31-dcfeda8753bc/mtp/objects/Sensor2/measurementFirstProbe/VWHEn/Actual
1874,devices/d57496a7-d1fb-4ece-ba31-dcfeda8753bc/mtp/objects/Sensor2/measurementFirstProbe/VWHLim/Actual
1875,devices/d57496a7-d1fb-4ece-ba31-dcfeda8753bc/mtp/objects/Sensor2/measurementFirstProbe/VWLAct/Actual
1876,devices/d57496a7-d1fb-4ece-ba31-dcfeda8753bc/mtp/objects/Sensor2/measurementFirstProbe/VWLEn/Actual
1877,devices/d57496a7-d1fb-4ece-ba31-dcfeda8753bc/mtp/objects/Sensor2/measurementFirstProbe/VWLLim/Actual
1878,devices/d57496a7-d1fb-4ece-ba31-dcfeda8753bc/mtp/objects/Sensor2/measurementFirstProbe/WQC/Actual
1879,devices/d57496a7-d1fb-4ece-ba31-dcfeda8753bc/mtp/objects/Sensor2/measurementSecondProbe/OSLevel/Actual
1880,devices/d57496a7-d1fb-4ece-ba31-dcfeda8753bc/mtp/objects/Sensor2/measurementSecondProbe/TagDescription/Actual
1881,devices/d57496a7-d1fb-4ece-ba31-dcfeda8753bc/mtp/objects/Sensor2/measurementSecondProbe/TagName/Actual
1882,devices/d57496a7-d1fb-4ece-ba31-dcfeda8753bc/mtp/objects/Sensor2/measurementSecondProbe/V/Actual
1883,devices/d57496a7-d1fb-4ece-ba31-dcfeda8753bc/mtp/objects/Sensor2/measurementSecondProbe/VAHAct/Actual
1884,devices/d57496a7-d1fb-4ece-ba31-dcfeda8753bc/mtp/objects/Sensor2/measurementSecondProbe/VAHEn/Actual
1885,devices/d57496a7-d1fb-4ece-ba31-dcfeda8753bc/mtp/objects/Sensor2/measurementSecondProbe/VAHLim/Actual
1886,devices/d57496a7-d1fb-4ece-ba31-dcfeda8753bc/mtp/objects/Sensor2/measurementSecondProbe/VALAct/Actual
1887,devices/d57496a7-d1fb-4ece-ba31-dcfeda8753bc/mtp/objects/Sensor2/measurementSecondProbe/VALEn/Actual
1888,devices/d57496a7-d1fb-4ece-ba31-dcfeda8753bc/mtp/objects/Sensor2/measurementSecondProbe/VALLim/Actual
1889,devices/d57496a7-d1fb-4ece-ba31-dcfeda8753bc/mtp/objects/Sensor2/measurementSecondProbe/VSclMax/Actual
1890,devices/d57496a7-d1fb-4ece-ba31-dcfeda8753bc/mtp/objects/Sensor2/measurementSecondProbe/VSclMin/Actual
1891,devices/d57496a7-d1fb-4ece-ba31-dcfeda8753bc/mtp/objects/Sensor2/measurementSecondProbe/VTHAct/Actual
1892,devices/d57496a7-d1fb-4ece-ba31-dcfeda8753bc/mtp/objects/Sensor2/measurementSecondProbe/VTHEn/Actual
1893,devices/d57496a7-d1fb-4ece-ba31-dcfeda8753bc/mtp/objects/Sensor2/measurementSecondProbe/VTHLim/Actual
1894,devices/d57496a7-d1fb-4ece-ba31-dcfeda8753bc/mtp/objects/Sensor2/measurementSecondProbe/VTLAct/Actual
1895,devices/d57496a7-d1fb-4ece-ba31-dcfeda8753bc/mtp/objects/Sensor2/measurementSecondProbe/VTLEn/Actual
1896,devices/d57496a7-d1fb-4ece-ba31-dcfeda8753bc/mtp/objects/Sensor2/measurementSecondProbe/VTLLim/Actual
1897,devices/d57496a7-d1fb-4ece-ba31-dcfeda8753bc/mtp/objects/Sensor2/measurementSecondProbe/VUnit/Actual
1898,devices/d57496a7-d1fb-4ece-ba31-dcfeda8753bc/mtp/objects/Sensor2/measurementSecondProbe/VWHAct/Actual
1899,devices/d57496a7-d1fb-4ece-ba31-dcfeda8753bc/mtp/objects/Sensor2/measurementSecondProbe/VWHEn/Actual
1900,devices/d57496a7-d1fb-4ece-ba31-dcfeda8753bc/mtp/objects/Sensor2/measurementSecondProbe/VWHLim/Actual
1901,devices/d57496a7-d1fb-4ece-ba31-dcfeda8753bc/mtp/objects/Sensor2/measurementSecondProbe/VWLAct/Actual
1902,devices/d57496a7-d1fb-4ece-ba31-dcfeda8753bc/mtp/objects/Sensor2/measurementSecondProbe/VWLEn/Actual
1903,devices/d57496a7-d1fb-4ece-ba31-dcfeda8753bc/mtp/objects/Sensor2/measurementSecondProbe/VWLLim/Actual
1904,devices/d57496a7-d1fb-4ece-ba31-dcfeda8753bc/mtp/objects/Sensor2/measurementSecondProbe/WQC/Actual
1905,devices/d57496a7-d1fb-4ece-ba31-dcfeda8753bc/mtp/objects/Sensor2/measurementThirdProbe/OSLevel/Actual
1906,devices/d57496a7-d1fb-4ece-ba31-dcfeda8753bc/mtp/objects/Sensor2/measurementThirdProbe/TagDescription/Actual
1907,devices/d57496a7-d1fb-4ece-ba31-dcfeda8753bc/mtp/objects/Sensor2/measurementThirdProbe/TagName/Actual
1908,devices/d57496a7-d1fb-4ece-ba31-dcfeda8753bc/mtp/objects/Sensor2/measurementThirdProbe/V/Actual
1909,devices/d57496a7-d1fb-4ece-ba31-dcfeda8753bc/mtp/objects/Sensor2/measurementThirdProbe/VAHAct/Actual
1910,devices/d57496a7-d1fb-4ece-ba31-dcfeda8753bc/mtp/objects/Sensor2/measurementThirdProbe/VAHEn/Actual
1911,devices/d57496a7-d1fb-4ece-ba31-dcfeda8753bc/mtp/objects/Sensor2/measurementThirdProbe/VAHLim/Actual
1912,devices/d57496a7-d1fb-4ece-ba31-dcfeda8753bc/mtp/objects/Sensor2/measurementThirdProbe/VALAct/Actual
1913,devices/d57496a7-d1fb-4ece-ba31-dcfeda8753bc/mtp/objects/Sensor2/measurementThirdProbe/VALEn/Actual
1914,devices/d57496a7-d1fb-4ece-ba31-dcfeda8753bc/mtp/objects/Sensor2/measurementThirdProbe/VALLim/Actual
1915,devices/d57496a7-d1fb-4ece-ba31-dcfeda8753bc/mtp/objects/Sensor2/measurementThirdProbe/VSclMax/Actual
1916,devices/d57496a7-d1fb-4ece-ba31-dcfeda8753bc/mtp/objects/Sensor2/measurementThirdProbe/VSclMin/Actual
1917,devices/d57496a7-d1fb-4ece-ba31-dcfeda8753bc/mtp/objects/Sensor2/measurementThirdProbe/VTHAct/Actual
1918,devices/d57496a7-d1fb-4ece-ba31-dcfeda8753bc/mtp/objects/Sensor2/measurementThirdProbe/VTHEn/Actual
1919,devices/d57496a7-d1fb-4ece-ba31-dcfeda8753bc/mtp/objects/Sensor2/measurementThirdProbe/VTHLim/Actual
1920,devices/d57496a7-d1fb-4ece-ba31-dcfeda8753bc/mtp/objects/Sensor2/measurementThirdProbe/VTLAct/Actual
1921,devices/d57496a7-d1fb-4ece-ba31-dcfeda8753bc/mtp/objects/Sensor2/measurementThirdProbe/VTLEn/Actual
1922,devices/d57496a7-d1fb-4ece-ba31-dcfeda8753bc/mtp/objects/Sensor2/measurementThirdProbe/VTLLim/Actual
1923,devices/d57496a7-d1fb-4ece-ba31-dcfeda8753bc/mtp/objects/Sensor2/measurementThirdProbe/VUnit/Actual
1924,devices/d57496a7-d1fb-4ece-ba31-dcfeda8753bc/mtp/objects/Sensor2/measurementThirdProbe/VWHAct/Actual
1925,devices/d57496a7-d1fb-4ece-ba31-dcfeda8753bc/mtp/objects/Sensor2/measurementThirdProbe/VWHEn/Actual
1926,devices/d57496a7-d1fb-4ece-ba31-dcfeda8753bc/mtp/objects/Sensor2/measurementThirdProbe/VWHLim/Actual
1927,devices/d57496a7-d1fb-4ece-ba31-dcfeda8753bc/mtp/objects/Sensor2/measurementThirdProbe/VWLAct/Actual
1928,devices/d57496a7-d1fb-4ece-ba31-dcfeda8753bc/mtp/objects/Sensor2/measurementThirdProbe/VWLEn/Actual
1929,devices/d57496a7-d1fb-4ece-ba31-dcfeda8753bc/mtp/objects/Sensor2/measurementThirdProbe/VWLLim/Actual
1930,devices/d57496a7-d1fb-4ece-ba31-dcfeda8753bc/mtp/objects/Sensor2/measurementThirdProbe/WQC/Actual
1931,devices/d57496a7-d1fb-4ece-ba31-dcfeda8753bc/mtp/objects/Sensor2/metadata/TagDescription/Actual
1932,devices/d57496a7-d1fb-4ece-ba31-dcfeda8753bc/mtp/objects/Sensor2/metadata/TagName/Actual
1933,devices/d57496a7-d1fb-4ece-ba31-dcfeda8753bc/mtp/objects/Sensor2/metadata/Text/Actual
1934,devices/d57496a7-d1fb-4ece-ba31-dcfeda8753bc/mtp/objects/Sensor2/metadata/WQC/Actual
1935,devices/d57496a7-d1fb-4ece-ba31-dcfeda8753bc/mtp/objects/Sensor2/moduleIdentificationTrigger/OSLevel/Actual
1936,devices/d57496a7-d1fb-4ece-ba31-dcfeda8753bc/mtp/objects/Sensor2/moduleIdentificationTrigger/TagDescription/Actual
1937,devices/d57496a7-d1fb-4ece-ba31-dcfeda8753bc/mtp/objects/Sensor2/moduleIdentificationTrigger/TagName/Actual
1938,devices/d57496a7-d1fb-4ece-ba31-dcfeda8753bc/mtp/objects/Sensor2/moduleIdentificationTrigger/VFbk/Actual
1939,devices/d57496a7-d1fb-4ece-ba31-dcfeda8753bc/mtp/objects/Sensor2/moduleIdentificationTrigger/VMan/Actual
1940,devices/d57496a7-d1fb-4ece-ba31-dcfeda8753bc/mtp/objects/Sensor2/moduleIdentificationTrigger/VOut/Actual
1941,devices/d57496a7-d1fb-4ece-ba31-dcfeda8753bc/mtp/objects/Sensor2/moduleIdentificationTrigger/VRbk/Actual
1942,devices/d57496a7-d1fb-4ece-ba31-dcfeda8753bc/mtp/objects/Sensor2/moduleIdentificationTrigger/VState0/Actual
1943,devices/d57496a7-d1fb-4ece-ba31-dcfeda8753bc/mtp/objects/Sensor2/moduleIdentificationTrigger/VState1/Actual
1944,devices/d57496a7-d1fb-4ece-ba31-dcfeda8753bc/mtp/objects/Sensor2/qualityIndicator/TagDescription/Actual
1945,devices/d57496a7-d1fb-4ece-ba31-dcfeda8753bc/mtp/objects/Sensor2/qualityIndicator/TagName/Actual
1946,devices/d57496a7-d1fb-4ece-ba31-dcfeda8753bc/mtp/objects/Sensor2/qualityIndicator/V/Actual
1947,devices/d57496a7-d1fb-4ece-ba31-dcfeda8753bc/mtp/objects/Sensor2/qualityIndicator/VSclMax/Actual
1948,devices/d57496a7-d1fb-4ece-ba31-dcfeda8753bc/mtp/objects/Sensor2/qualityIndicator/VSclMin/Actual
1949,devices/d57496a7-d1fb-4ece-ba31-dcfeda8753bc/mtp/objects/Sensor2/qualityIndicator/VUnit/Actual
1950,devices/d57496a7-d1fb-4ece-ba31-dcfeda8753bc/mtp/objects/Sensor2/qualityIndicator/WQC/Actual
1951,devices/d57496a7-d1fb-4ece-ba31-dcfeda8753bc/mtp/objects/Sensor2/serialNumber/TagDescription/Actual
1952,devices/d57496a7-d1fb-4ece-ba31-dcfeda8753bc/mtp/objects/Sensor2/serialNumber/TagName/Actual
1953,devices/d57496a7-d1fb-4ece-ba31-dcfeda8753bc/mtp/objects/Sensor2/serialNumber/Text/Actual
1954,devices/d57496a7-d1fb-4ece-ba31-dcfeda8753bc/mtp/objects/Sensor2/serialNumber/WQC/Actual
1955,devices/d57496a7-d1fb-4ece-ba31-dcfeda8753bc/status/connection_status
1956,devices/d57496a7-d1fb-4ece-ba31-dcfeda8753bc/status/uptime
1957,devices/e43ea21d-3c09-4a55-abad-d0ae3fa74e5a/assigned_to_batch
1958,devices/e43ea21d-3c09-4a55-abad-d0ae3fa74e5a/assigned_to_pnid
1959,devices/e43ea21d-3c09-4a55-abad-d0ae3fa74e5a/assigned_to_process
1960,devices/e43ea21d-3c09-4a55-abad-d0ae3fa74e5a/assigned_to_system
1961,devices/e43ea21d-3c09-4a55-abad-d0ae3fa74e5a/diagnostics/CoreBoard/Text/Actual
1962,devices/e43ea21d-3c09-4a55-abad-d0ae3fa74e5a/metadata
1963,devices/e43ea21d-3c09-4a55-abad-d0ae3fa74e5a/mtp/objects/Sensor3/VAHEnFirstProbe/OSLevel/Actual
1964,devices/e43ea21d-3c09-4a55-abad-d0ae3fa74e5a/mtp/objects/Sensor3/VAHEnFirstProbe/TagDescription/Actual
1965,devices/e43ea21d-3c09-4a55-abad-d0ae3fa74e5a/mtp/objects/Sensor3/VAHEnFirstProbe/TagName/Actual
1966,devices/e43ea21d-3c09-4a55-abad-d0ae3fa74e5a/mtp/objects/Sensor3/VAHEnFirstProbe/VFbk/Actual
1967,devices/e43ea21d-3c09-4a55-abad-d0ae3fa74e5a/mtp/objects/Sensor3/VAHEnFirstProbe/VMan/Actual
1968,devices/e43ea21d-3c09-4a55-abad-d0ae3fa74e5a/mtp/objects/Sensor3/VAHEnFirstProbe/VOut/Actual
1969,devices/e43ea21d-3c09-4a55-abad-d0ae3fa74e5a/mtp/objects/Sensor3/VAHEnFirstProbe/VRbk/Actual
1970,devices/e43ea21d-3c09-4a55-abad-d0ae3fa74e5a/mtp/objects/Sensor3/VAHEnFirstProbe/VState0/Actual
1971,devices/e43ea21d-3c09-4a55-abad-d0ae3fa74e5a/mtp/objects/Sensor3/VAHEnFirstProbe/VState1/Actual
1972,devices/e43ea21d-3c09-4a55-abad-d0ae3fa74e5a/mtp/objects/Sensor3/VAHEnSecondProbe/OSLevel/Actual
1973,devices/e43ea21d-3c09-4a55-abad-d0ae3fa74e5a/mtp/objects/Sensor3/VAHEnSecondProbe/TagDescription/Actual
1974,devices/e43ea21d-3c09-4a55-abad-d0ae3fa74e5a/mtp/objects/Sensor3/VAHEnSecondProbe/TagName/Actual
1975,devices/e43ea21d-3c09-4a55-abad-d0ae3fa74e5a/mtp/objects/Sensor3/VAHEnSecondProbe/VFbk/Actual
1976,devices/e43ea21d-3c09-4a55-abad-d0ae3fa74e5a/mtp/objects/Sensor3/VAHEnSecondProbe/VMan/Actual
1977,devices/e43ea21d-3c09-4a55-abad-d0ae3fa74e5a/mtp/objects/Sensor3/VAHEnSecondProbe/VOut/Actual
1978,devices/e43ea21d-3c09-4a55-abad-d0ae3fa74e5a/mtp/objects/Sensor3/VAHEnSecondProbe/VRbk/Actual
1979,devices/e43ea21d-3c09-4a55-abad-d0ae3fa74e5a/mtp/objects/Sensor3/VAHEnSecondProbe/VState0/Actual
1980,devices/e43ea21d-3c09-4a55-abad-d0ae3fa74e5a/mtp/objects/Sensor3/VAHEnSecondProbe/VState1/Actual
1981,devices/e43ea21d-3c09-4a55-abad-d0ae3fa74e5a/mtp/objects/Sensor3/VAHEnThirdProbe/OSLevel/Actual
1982,devices/e43ea21d-3c09-4a55-abad-d0ae3fa74e5a/mtp/objects/Sensor3/VAHEnThirdProbe/TagDescription/Actual
1983,devices/e43ea21d-3c09-4a55-abad-d0ae3fa74e5a/mtp/objects/Sensor3/VAHEnThirdProbe/TagName/Actual
1984,devices/e43ea21d-3c09-4a55-abad-d0ae3fa74e5a/mtp/objects/Sensor3/VAHEnThirdProbe/VFbk/Actual
1985,devices/e43ea21d-3c09-4a55-abad-d0ae3fa74e5a/mtp/objects/Sensor3/VAHEnThirdProbe/VMan/Actual
1986,devices/e43ea21d-3c09-4a55-abad-d0ae3fa74e5a/mtp/objects/Sensor3/VAHEnThirdProbe/VOut/Actual
1987,devices/e43ea21d-3c09-4a55-abad-d0ae3fa74e5a/mtp/objects/Sensor3/VAHEnThirdProbe/VRbk/Actual
1988,devices/e43ea21d-3c09-4a55-abad-d0ae3fa74e5a/mtp/objects/Sensor3/VAHEnThirdProbe/VState0/Actual
1989,devices/e43ea21d-3c09-4a55-abad-d0ae3fa74e5a/mtp/objects/Sensor3/VAHEnThirdProbe/VState1/Actual
1990,devices/e43ea21d-3c09-4a55-abad-d0ae3fa74e5a/mtp/objects/Sensor3/VALEnFirstProbe/OSLevel/Actual
1991,devices/e43ea21d-3c09-4a55-abad-d0ae3fa74e5a/mtp/objects/Sensor3/VALEnFirstProbe/TagDescription/Actual
1992,devices/e43ea21d-3c09-4a55-abad-d0ae3fa74e5a/mtp/objects/Sensor3/VALEnFirstProbe/TagName/Actual
1993,devices/e43ea21d-3c09-4a55-abad-d0ae3fa74e5a/mtp/objects/Sensor3/VALEnFirstProbe/VFbk/Actual
1994,devices/e43ea21d-3c09-4a55-abad-d0ae3fa74e5a/mtp/objects/Sensor3/VALEnFirstProbe/VMan/Actual
1995,devices/e43ea21d-3c09-4a55-abad-d0ae3fa74e5a/mtp/objects/Sensor3/VALEnFirstProbe/VOut/Actual
1996,devices/e43ea21d-3c09-4a55-abad-d0ae3fa74e5a/mtp/objects/Sensor3/VALEnFirstProbe/VRbk/Actual
1997,devices/e43ea21d-3c09-4a55-abad-d0ae3fa74e5a/mtp/objects/Sensor3/VALEnFirstProbe/VState0/Actual
1998,devices/e43ea21d-3c09-4a55-abad-d0ae3fa74e5a/mtp/objects/Sensor3/VALEnFirstProbe/VState1/Actual
1999,devices/e43ea21d-3c09-4a55-abad-d0ae3fa74e5a/mtp/objects/Sensor3/VALEnSecondProbe/OSLevel/Actual
2000,devices/e43ea21d-3c09-4a55-abad-d0ae3fa74e5a/mtp/objects/Sensor3/VALEnSecondProbe/TagDescription/Actual
2001,devices/e43ea21d-3c09-4a55-abad-d0ae3fa74e5a/mtp/objects/Sensor3/VALEnSecondProbe/TagName/Actual
2002,devices/e43ea21d-3c09-4a55-abad-d0ae3fa74e5a/mtp/objects/Sensor3/VALEnSecondProbe/VFbk/Actual
2003,devices/e43ea21d-3c09-4a55-abad-d0ae3fa74e5a/mtp/objects/Sensor3/VALEnSecondProbe/VMan/Actual
2004,devices/e43ea21d-3c09-4a55-abad-d0ae3fa74e5a/mtp/objects/Sensor3/VALEnSecondProbe/VOut/Actual
2005,devices/e43ea21d-3c09-4a55-abad-d0ae3fa74e5a/mtp/objects/Sensor3/VALEnSecondProbe/VRbk/Actual
2006,devices/e43ea21d-3c09-4a55-abad-d0ae3fa74e5a/mtp/objects/Sensor3/VALEnSecondProbe/VState0/Actual
2007,devices/e43ea21d-3c09-4a55-abad-d0ae3fa74e5a/mtp/objects/Sensor3/VALEnSecondProbe/VState1/Actual
2008,devices/e43ea21d-3c09-4a55-abad-d0ae3fa74e5a/mtp/objects/Sensor3/VALEnThirdProbe/OSLevel/Actual
2009,devices/e43ea21d-3c09-4a55-abad-d0ae3fa74e5a/mtp/objects/Sensor3/VALEnThirdProbe/TagDescription/Actual
2010,devices/e43ea21d-3c09-4a55-abad-d0ae3fa74e5a/mtp/objects/Sensor3/VALEnThirdProbe/TagName/Actual
2011,devices/e43ea21d-3c09-4a55-abad-d0ae3fa74e5a/mtp/objects/Sensor3/VALEnThirdProbe/VFbk/Actual
2012,devices/e43ea21d-3c09-4a55-abad-d0ae3fa74e5a/mtp/objects/Sensor3/VALEnThirdProbe/VMan/Actual
2013,devices/e43ea21d-3c09-4a55-abad-d0ae3fa74e5a/mtp/objects/Sensor3/VALEnThirdProbe/VOut/Actual
2014,devices/e43ea21d-3c09-4a55-abad-d0ae3fa74e5a/mtp/objects/Sensor3/VALEnThirdProbe/VRbk/Actual
2015,devices/e43ea21d-3c09-4a55-abad-d0ae3fa74e5a/mtp/objects/Sensor3/VALEnThirdProbe/VState0/Actual
2016,devices/e43ea21d-3c09-4a55-abad-d0ae3fa74e5a/mtp/objects/Sensor3/VALEnThirdProbe/VState1/Actual
2017,devices/e43ea21d-3c09-4a55-abad-d0ae3fa74e5a/mtp/objects/Sensor3/measurementFirstProbe/OSLevel/Actual
2018,devices/e43ea21d-3c09-4a55-abad-d0ae3fa74e5a/mtp/objects/Sensor3/measurementFirstProbe/TagDescription/Actual
2019,devices/e43ea21d-3c09-4a55-abad-d0ae3fa74e5a/mtp/objects/Sensor3/measurementFirstProbe/TagName/Actual
2020,devices/e43ea21d-3c09-4a55-abad-d0ae3fa74e5a/mtp/objects/Sensor3/measurementFirstProbe/V/Actual
2021,devices/e43ea21d-3c09-4a55-abad-d0ae3fa74e5a/mtp/objects/Sensor3/measurementFirstProbe/VAHAct/Actual
2022,devices/e43ea21d-3c09-4a55-abad-d0ae3fa74e5a/mtp/objects/Sensor3/measurementFirstProbe/VAHEn/Actual
2023,devices/e43ea21d-3c09-4a55-abad-d0ae3fa74e5a/mtp/objects/Sensor3/measurementFirstProbe/VAHLim/Actual
2024,devices/e43ea21d-3c09-4a55-abad-d0ae3fa74e5a/mtp/objects/Sensor3/measurementFirstProbe/VALAct/Actual
2025,devices/e43ea21d-3c09-4a55-abad-d0ae3fa74e5a/mtp/objects/Sensor3/measurementFirstProbe/VALEn/Actual
2026,devices/e43ea21d-3c09-4a55-abad-d0ae3fa74e5a/mtp/objects/Sensor3/measurementFirstProbe/VALLim/Actual
2027,devices/e43ea21d-3c09-4a55-abad-d0ae3fa74e5a/mtp/objects/Sensor3/measurementFirstProbe/VSclMax/Actual
2028,devices/e43ea21d-3c09-4a55-abad-d0ae3fa74e5a/mtp/objects/Sensor3/measurementFirstProbe/VSclMin/Actual
2029,devices/e43ea21d-3c09-4a55-abad-d0ae3fa74e5a/mtp/objects/Sensor3/measurementFirstProbe/VTHAct/Actual
2030,devices/e43ea21d-3c09-4a55-abad-d0ae3fa74e5a/mtp/objects/Sensor3/measurementFirstProbe/VTHEn/Actual
2031,devices/e43ea21d-3c09-4a55-abad-d0ae3fa74e5a/mtp/objects/Sensor3/measurementFirstProbe/VTHLim/Actual
2032,devices/e43ea21d-3c09-4a55-abad-d0ae3fa74e5a/mtp/objects/Sensor3/measurementFirstProbe/VTLAct/Actual
2033,devices/e43ea21d-3c09-4a55-abad-d0ae3fa74e5a/mtp/objects/Sensor3/measurementFirstProbe/VTLEn/Actual
2034,devices/e43ea21d-3c09-4a55-abad-d0ae3fa74e5a/mtp/objects/Sensor3/measurementFirstProbe/VTLLim/Actual
2035,devices/e43ea21d-3c09-4a55-abad-d0ae3fa74e5a/mtp/objects/Sensor3/measurementFirstProbe/VUnit/Actual
2036,devices/e43ea21d-3c09-4a55-abad-d0ae3fa74e5a/mtp/objects/Sensor3/measurementFirstProbe/VWHAct/Actual
2037,devices/e43ea21d-3c09-4a55-abad-d0ae3fa74e5a/mtp/objects/Sensor3/measurementFirstProbe/VWHEn/Actual
2038,devices/e43ea21d-3c09-4a55-abad-d0ae3fa74e5a/mtp/objects/Sensor3/measurementFirstProbe/VWHLim/Actual
2039,devices/e43ea21d-3c09-4a55-abad-d0ae3fa74e5a/mtp/objects/Sensor3/measurementFirstProbe/VWLAct/Actual
2040,devices/e43ea21d-3c09-4a55-abad-d0ae3fa74e5a/mtp/objects/Sensor3/measurementFirstProbe/VWLEn/Actual
2041,devices/e43ea21d-3c09-4a55-abad-d0ae3fa74e5a/mtp/objects/Sensor3/measurementFirstProbe/VWLLim/Actual
2042,devices/e43ea21d-3c09-4a55-abad-d0ae3fa74e5a/mtp/objects/Sensor3/measurementFirstProbe/WQC/Actual
2043,devices/e43ea21d-3c09-4a55-abad-d0ae3fa74e5a/mtp/objects/Sensor3/measurementSecondProbe/OSLevel/Actual
2044,devices/e43ea21d-3c09-4a55-abad-d0ae3fa74e5a/mtp/objects/Sensor3/measurementSecondProbe/TagDescription/Actual
2045,devices/e43ea21d-3c09-4a55-abad-d0ae3fa74e5a/mtp/objects/Sensor3/measurementSecondProbe/TagName/Actual
2046,devices/e43ea21d-3c09-4a55-abad-d0ae3fa74e5a/mtp/objects/Sensor3/measurementSecondProbe/V/Actual
2047,devices/e43ea21d-3c09-4a55-abad-d0ae3fa74e5a/mtp/objects/Sensor3/measurementSecondProbe/VAHAct/Actual
2048,devices/e43ea21d-3c09-4a55-abad-d0ae3fa74e5a/mtp/objects/Sensor3/measurementSecondProbe/VAHEn/Actual
2049,devices/e43ea21d-3c09-4a55-abad-d0ae3fa74e5a/mtp/objects/Sensor3/measurementSecondProbe/VAHLim/Actual
2050,devices/e43ea21d-3c09-4a55-abad-d0ae3fa74e5a/mtp/objects/Sensor3/measurementSecondProbe/VALAct/Actual
2051,devices/e43ea21d-3c09-4a55-abad-d0ae3fa74e5a/mtp/objects/Sensor3/measurementSecondProbe/VALEn/Actual
2052,devices/e43ea21d-3c09-4a55-abad-d0ae3fa74e5a/mtp/objects/Sensor3/measurementSecondProbe/VALLim/Actual
2053,devices/e43ea21d-3c09-4a55-abad-d0ae3fa74e5a/mtp/objects/Sensor3/measurementSecondProbe/VSclMax/Actual
2054,devices/e43ea21d-3c09-4a55-abad-d0ae3fa74e5a/mtp/objects/Sensor3/measurementSecondProbe/VSclMin/Actual
2055,devices/e43ea21d-3c09-4a55-abad-d0ae3fa74e5a/mtp/objects/Sensor3/measurementSecondProbe/VTHAct/Actual
2056,devices/e43ea21d-3c09-4a55-abad-d0ae3fa74e5a/mtp/objects/Sensor3/measurementSecondProbe/VTHEn/Actual
2057,devices/e43ea21d-3c09-4a55-abad-d0ae3fa74e5a/mtp/objects/Sensor3/measurementSecondProbe/VTHLim/Actual
2058,devices/e43ea21d-3c09-4a55-abad-d0ae3fa74e5a/mtp/objects/Sensor3/measurementSecondProbe/VTLAct/Actual
2059,devices/e43ea21d-3c09-4a55-abad-d0ae3fa74e5a/mtp/objects/Sensor3/measurementSecondProbe/VTLEn/Actual
2060,devices/e43ea21d-3c09-4a55-abad-d0ae3fa74e5a/mtp/objects/Sensor3/measurementSecondProbe/VTLLim/Actual
2061,devices/e43ea21d-3c09-4a55-abad-d0ae3fa74e5a/mtp/objects/Sensor3/measurementSecondProbe/VUnit/Actual
2062,devices/e43ea21d-3c09-4a55-abad-d0ae3fa74e5a/mtp/objects/Sensor3/measurementSecondProbe/VWHAct/Actual
2063,devices/e43ea21d-3c09-4a55-abad-d0ae3fa74e5a/mtp/objects/Sensor3/measurementSecondProbe/VWHEn/Actual
2064,devices/e43ea21d-3c09-4a55-abad-d0ae3fa74e5a/mtp/objects/Sensor3/measurementSecondProbe/VWHLim/Actual
2065,devices/e43ea21d-3c09-4a55-abad-d0ae3fa74e5a/mtp/objects/Sensor3/measurementSecondProbe/VWLAct/Actual
2066,devices/e43ea21d-3c09-4a55-abad-d0ae3fa74e5a/mtp/objects/Sensor3/measurementSecondProbe/VWLEn/Actual
2067,devices/e43ea21d-3c09-4a55-abad-d0ae3fa74e5a/mtp/objects/Sensor3/measurementSecondProbe/VWLLim/Actual
2068,devices/e43ea21d-3c09-4a55-abad-d0ae3fa74e5a/mtp/objects/Sensor3/measurementSecondProbe/WQC/Actual
2069,devices/e43ea21d-3c09-4a55-abad-d0ae3fa74e5a/mtp/objects/Sensor3/measurementThirdProbe/OSLevel/Actual
2070,devices/e43ea21d-3c09-4a55-abad-d0ae3fa74e5a/mtp/objects/Sensor3/measurementThirdProbe/TagDescription/Actual
2071,devices/e43ea21d-3c09-4a55-abad-d0ae3fa74e5a/mtp/objects/Sensor3/measurementThirdProbe/TagName/Actual
2072,devices/e43ea21d-3c09-4a55-abad-d0ae3fa74e5a/mtp/objects/Sensor3/measurementThirdProbe/V/Actual
2073,devices/e43ea21d-3c09-4a55-abad-d0ae3fa74e5a/mtp/objects/Sensor3/measurementThirdProbe/VAHAct/Actual
2074,devices/e43ea21d-3c09-4a55-abad-d0ae3fa74e5a/mtp/objects/Sensor3/measurementThirdProbe/VAHEn/Actual
2075,devices/e43ea21d-3c09-4a55-abad-d0ae3fa74e5a/mtp/objects/Sensor3/measurementThirdProbe/VAHLim/Actual
2076,devices/e43ea21d-3c09-4a55-abad-d0ae3fa74e5a/mtp/objects/Sensor3/measurementThirdProbe/VALAct/Actual
2077,devices/e43ea21d-3c09-4a55-abad-d0ae3fa74e5a/mtp/objects/Sensor3/measurementThirdProbe/VALEn/Actual
2078,devices/e43ea21d-3c09-4a55-abad-d0ae3fa74e5a/mtp/objects/Sensor3/measurementThirdProbe/VALLim/Actual
2079,devices/e43ea21d-3c09-4a55-abad-d0ae3fa74e5a/mtp/objects/Sensor3/measurementThirdProbe/VSclMax/Actual
2080,devices/e43ea21d-3c09-4a55-abad-d0ae3fa74e5a/mtp/objects/Sensor3/measurementThirdProbe/VSclMin/Actual
2081,devices/e43ea21d-3c09-4a55-abad-d0ae3fa74e5a/mtp/objects/Sensor3/measurementThirdProbe/VTHAct/Actual
2082,devices/e43ea21d-3c09-4a55-abad-d0ae3fa74e5a/mtp/objects/Sensor3/measurementThirdProbe/VTHEn/Actual
2083,devices/e43ea21d-3c09-4a55-abad-d0ae3fa74e5a/mtp/objects/Sensor3/measurementThirdProbe/VTHLim/Actual
2084,devices/e43ea21d-3c09-4a55-abad-d0ae3fa74e5a/mtp/objects/Sensor3/measurementThirdProbe/VTLAct/Actual
2085,devices/e43ea21d-3c09-4a55-abad-d0ae3fa74e5a/mtp/objects/Sensor3/measurementThirdProbe/VTLEn/Actual
2086,devices/e43ea21d-3c09-4a55-abad-d0ae3fa74e5a/mtp/objects/Sensor3/measurementThirdProbe/VTLLim/Actual
2087,devices/e43ea21d-3c09-4a55-abad-d0ae3fa74e5a/mtp/objects/Sensor3/measurementThirdProbe/VUnit/Actual
2088,devices/e43ea21d-3c09-4a55-abad-d0ae3fa74e5a/mtp/objects/Sensor3/measurementThirdProbe/VWHAct/Actual
2089,devices/e43ea21d-3c09-4a55-abad-d0ae3fa74e5a/mtp/objects/Sensor3/measurementThirdProbe/VWHEn/Actual
2090,devices/e43ea21d-3c09-4a55-abad-d0ae3fa74e5a/mtp/objects/Sensor3/measurementThirdProbe/VWHLim/Actual
2091,devices/e43ea21d-3c09-4a55-abad-d0ae3fa74e5a/mtp/objects/Sensor3/measurementThirdProbe/VWLAct/Actual
2092,devices/e43ea21d-3c09-4a55-abad-d0ae3fa74e5a/mtp/objects/Sensor3/measurementThirdProbe/VWLEn/Actual
2093,devices/e43ea21d-3c09-4a55-abad-d0ae3fa74e5a/mtp/objects/Sensor3/measurementThirdProbe/VWLLim/Actual
2094,devices/e43ea21d-3c09-4a55-abad-d0ae3fa74e5a/mtp/objects/Sensor3/measurementThirdProbe/WQC/Actual
2095,devices/e43ea21d-3c09-4a55-abad-d0ae3fa74e5a/mtp/objects/Sensor3/metadata/TagDescription/Actual
2096,devices/e43ea21d-3c09-4a55-abad-d0ae3fa74e5a/mtp/objects/Sensor3/metadata/TagName/Actual
2097,devices/e43ea21d-3c09-4a55-abad-d0ae3fa74e5a/mtp/objects/Sensor3/metadata/Text/Actual
2098,devices/e43ea21d-3c09-4a55-abad-d0ae3fa74e5a/mtp/objects/Sensor3/metadata/WQC/Actual
2099,devices/e43ea21d-3c09-4a55-abad-d0ae3fa74e5a/mtp/objects/Sensor3/moduleIdentificationTrigger/OSLevel/Actual
2100,devices/e43ea21d-3c09-4a55-abad-d0ae3fa74e5a/mtp/objects/Sensor3/moduleIdentificationTrigger/TagDescription/Actual
2101,devices/e43ea21d-3c09-4a55-abad-d0ae3fa74e5a/mtp/objects/Sensor3/moduleIdentificationTrigger/TagName/Actual
2102,devices/e43ea21d-3c09-4a55-abad-d0ae3fa74e5a/mtp/objects/Sensor3/moduleIdentificationTrigger/VFbk/Actual
2103,devices/e43ea21d-3c09-4a55-abad-d0ae3fa74e5a/mtp/objects/Sensor3/moduleIdentificationTrigger/VMan/Actual
2104,devices/e43ea21d-3c09-4a55-abad-d0ae3fa74e5a/mtp/objects/Sensor3/moduleIdentificationTrigger/VOut/Actual
2105,devices/e43ea21d-3c09-4a55-abad-d0ae3fa74e5a/mtp/objects/Sensor3/moduleIdentificationTrigger/VRbk/Actual
2106,devices/e43ea21d-3c09-4a55-abad-d0ae3fa74e5a/mtp/objects/Sensor3/moduleIdentificationTrigger/VState0/Actual
2107,devices/e43ea21d-3c09-4a55-abad-d0ae3fa74e5a/mtp/objects/Sensor3/moduleIdentificationTrigger/VState1/Actual
2108,devices/e43ea21d-3c09-4a55-abad-d0ae3fa74e5a/mtp/objects/Sensor3/qualityIndicator/TagDescription/Actual
2109,devices/e43ea21d-3c09-4a55-abad-d0ae3fa74e5a/mtp/objects/Sensor3/qualityIndicator/TagName/Actual
2110,devices/e43ea21d-3c09-4a55-abad-d0ae3fa74e5a/mtp/objects/Sensor3/qualityIndicator/V/Actual
2111,devices/e43ea21d-3c09-4a55-abad-d0ae3fa74e5a/mtp/objects/Sensor3/qualityIndicator/VSclMax/Actual
2112,devices/e43ea21d-3c09-4a55-abad-d0ae3fa74e5a/mtp/objects/Sensor3/qualityIndicator/VSclMin/Actual
2113,devices/e43ea21d-3c09-4a55-abad-d0ae3fa74e5a/mtp/objects/Sensor3/qualityIndicator/VUnit/Actual
2114,devices/e43ea21d-3c09-4a55-abad-d0ae3fa74e5a/mtp/objects/Sensor3/qualityIndicator/WQC/Actual
2115,devices/e43ea21d-3c09-4a55-abad-d0ae3fa74e5a/mtp/objects/Sensor3/serialNumber/TagDescription/Actual
2116,devices/e43ea21d-3c09-4a55-abad-d0ae3fa74e5a/mtp/objects/Sensor3/serialNumber/TagName/Actual
2117,devices/e43ea21d-3c09-4a55-abad-d0ae3fa74e5a/mtp/objects/Sensor3/serialNumber/Text/Actual
2118,devices/e43ea21d-3c09-4a55-abad-d0ae3fa74e5a/mtp/objects/Sensor3/serialNumber/WQC/Actual
2119,devices/e43ea21d-3c09-4a55-abad-d0ae3fa74e5a/status/connection_status
2120,devices/e43ea21d-3c09-4a55-abad-d0ae3fa74e5a/status/uptime
2121,devices/f67a5705-092b-48a0-a6ee-e538aadf5c55/assigned_to_batch
2122,devices/f67a5705-092b-48a0-a6ee-e538aadf5c55/assigned_to_pnid
2123,devices/f67a5705-092b-48a0-a6ee-e538aadf5c55/assigned_to_process
2124,devices/f67a5705-092b-48a0-a6ee-e538aadf5c55/assigned_to_system
2125,devices/f67a5705-092b-48a0-a6ee-e538aadf5c55/diagnostics/CoreBoard/Text/Actual
2126,devices/f67a5705-092b-48a0-a6ee-e538aadf5c55/metadata
2127,devices/f67a5705-092b-48a0-a6ee-e538aadf5c55/mtp/objects/Sparger1/flowRate/CloseAct/Actual
2128,devices/f67a5705-092b-48a0-a6ee-e538aadf5c55/mtp/objects/Sparger1/flowRate/CloseAut/Actual
2129,devices/f67a5705-092b-48a0-a6ee-e538aadf5c55/mtp/objects/Sparger1/flowRate/CloseFbk/Actual
2130,devices/f67a5705-092b-48a0-a6ee-e538aadf5c55/mtp/objects/Sparger1/flowRate/CloseFbkCalc/Actual
2131,devices/f67a5705-092b-48a0-a6ee-e538aadf5c55/mtp/objects/Sparger1/flowRate/CloseOp/Actual
2132,devices/f67a5705-092b-48a0-a6ee-e538aadf5c55/mtp/objects/Sparger1/flowRate/CloseOp/Setpoint
2133,devices/f67a5705-092b-48a0-a6ee-e538aadf5c55/mtp/objects/Sparger1/flowRate/Interlock/Actual
2134,devices/f67a5705-092b-48a0-a6ee-e538aadf5c55/mtp/objects/Sparger1/flowRate/IntlEn/Actual
2135,devices/f67a5705-092b-48a0-a6ee-e538aadf5c55/mtp/objects/Sparger1/flowRate/OSLevel/Actual
2136,devices/f67a5705-092b-48a0-a6ee-e538aadf5c55/mtp/objects/Sparger1/flowRate/OpenAct/Actual
2137,devices/f67a5705-092b-48a0-a6ee-e538aadf5c55/mtp/objects/Sparger1/flowRate/OpenAut/Actual
2138,devices/f67a5705-092b-48a0-a6ee-e538aadf5c55/mtp/objects/Sparger1/flowRate/OpenFbk/Actual
2139,devices/f67a5705-092b-48a0-a6ee-e538aadf5c55/mtp/objects/Sparger1/flowRate/OpenFbkCalc/Actual
2140,devices/f67a5705-092b-48a0-a6ee-e538aadf5c55/mtp/objects/Sparger1/flowRate/OpenOp/Actual
2141,devices/f67a5705-092b-48a0-a6ee-e538aadf5c55/mtp/objects/Sparger1/flowRate/OpenOp/Setpoint
2142,devices/f67a5705-092b-48a0-a6ee-e538aadf5c55/mtp/objects/Sparger1/flowRate/PermEn/Actual
2143,devices/f67a5705-092b-48a0-a6ee-e538aadf5c55/mtp/objects/Sparger1/flowRate/Permit/Actual
2144,devices/f67a5705-092b-48a0-a6ee-e538aadf5c55/mtp/objects/Sparger1/flowRate/Pos/Actual
2145,devices/f67a5705-092b-48a0-a6ee-e538aadf5c55/mtp/objects/Sparger1/flowRate/PosFbk/Actual
2146,devices/f67a5705-092b-48a0-a6ee-e538aadf5c55/mtp/objects/Sparger1/flowRate/PosFbkCalc/Actual
2147,devices/f67a5705-092b-48a0-a6ee-e538aadf5c55/mtp/objects/Sparger1/flowRate/PosInt/Actual
2148,devices/f67a5705-092b-48a0-a6ee-e538aadf5c55/mtp/objects/Sparger1/flowRate/PosMan/Actual
2149,devices/f67a5705-092b-48a0-a6ee-e538aadf5c55/mtp/objects/Sparger1/flowRate/PosMan/Setpoint
2150,devices/f67a5705-092b-48a0-a6ee-e538aadf5c55/mtp/objects/Sparger1/flowRate/PosMax/Actual
2151,devices/f67a5705-092b-48a0-a6ee-e538aadf5c55/mtp/objects/Sparger1/flowRate/PosMin/Actual
2152,devices/f67a5705-092b-48a0-a6ee-e538aadf5c55/mtp/objects/Sparger1/flowRate/PosRbk/Actual
2153,devices/f67a5705-092b-48a0-a6ee-e538aadf5c55/mtp/objects/Sparger1/flowRate/PosSclMax/Actual
2154,devices/f67a5705-092b-48a0-a6ee-e538aadf5c55/mtp/objects/Sparger1/flowRate/PosSclMin/Actual
2155,devices/f67a5705-092b-48a0-a6ee-e538aadf5c55/mtp/objects/Sparger1/flowRate/PosUnit/Actual
2156,devices/f67a5705-092b-48a0-a6ee-e538aadf5c55/mtp/objects/Sparger1/flowRate/ProtEn/Actual
2157,devices/f67a5705-092b-48a0-a6ee-e538aadf5c55/mtp/objects/Sparger1/flowRate/Protect/Actual
2158,devices/f67a5705-092b-48a0-a6ee-e538aadf5c55/mtp/objects/Sparger1/flowRate/ResetAut/Actual
2159,devices/f67a5705-092b-48a0-a6ee-e538aadf5c55/mtp/objects/Sparger1/flowRate/ResetOp/Actual
2160,devices/f67a5705-092b-48a0-a6ee-e538aadf5c55/mtp/objects/Sparger1/flowRate/SafePos/Actual
2161,devices/f67a5705-092b-48a0-a6ee-e538aadf5c55/mtp/objects/Sparger1/flowRate/SafePosAct/Actual
2162,devices/f67a5705-092b-48a0-a6ee-e538aadf5c55/mtp/objects/Sparger1/flowRate/SafePosEn/Actual
2163,devices/f67a5705-092b-48a0-a6ee-e538aadf5c55/mtp/objects/Sparger1/flowRate/SrcChannel/Actual
2164,devices/f67a5705-092b-48a0-a6ee-e538aadf5c55/mtp/objects/Sparger1/flowRate/SrcIntAct/Actual
2165,devices/f67a5705-092b-48a0-a6ee-e538aadf5c55/mtp/objects/Sparger1/flowRate/SrcIntAut/Actual
2166,devices/f67a5705-092b-48a0-a6ee-e538aadf5c55/mtp/objects/Sparger1/flowRate/SrcIntOp/Actual
2167,devices/f67a5705-092b-48a0-a6ee-e538aadf5c55/mtp/objects/Sparger1/flowRate/SrcManAct/Actual
2168,devices/f67a5705-092b-48a0-a6ee-e538aadf5c55/mtp/objects/Sparger1/flowRate/SrcManAut/Actual
2169,devices/f67a5705-092b-48a0-a6ee-e538aadf5c55/mtp/objects/Sparger1/flowRate/SrcManOp/Actual
2170,devices/f67a5705-092b-48a0-a6ee-e538aadf5c55/mtp/objects/Sparger1/flowRate/StateAutAct/Actual
2171,devices/f67a5705-092b-48a0-a6ee-e538aadf5c55/mtp/objects/Sparger1/flowRate/StateAutAut/Actual
2172,devices/f67a5705-092b-48a0-a6ee-e538aadf5c55/mtp/objects/Sparger1/flowRate/StateAutOp/Actual
2173,devices/f67a5705-092b-48a0-a6ee-e538aadf5c55/mtp/objects/Sparger1/flowRate/StateChannel/Actual
2174,devices/f67a5705-092b-48a0-a6ee-e538aadf5c55/mtp/objects/Sparger1/flowRate/StateOffAct/Actual
2175,devices/f67a5705-092b-48a0-a6ee-e538aadf5c55/mtp/objects/Sparger1/flowRate/StateOffAut/Actual
2176,devices/f67a5705-092b-48a0-a6ee-e538aadf5c55/mtp/objects/Sparger1/flowRate/StateOffOp/Actual
2177,devices/f67a5705-092b-48a0-a6ee-e538aadf5c55/mtp/objects/Sparger1/flowRate/StateOpAct/Actual
2178,devices/f67a5705-092b-48a0-a6ee-e538aadf5c55/mtp/objects/Sparger1/flowRate/StateOpAut/Actual
2179,devices/f67a5705-092b-48a0-a6ee-e538aadf5c55/mtp/objects/Sparger1/flowRate/StateOpOp/Actual
2180,devices/f67a5705-092b-48a0-a6ee-e538aadf5c55/mtp/objects/Sparger1/flowRate/TagDescription/Actual
2181,devices/f67a5705-092b-48a0-a6ee-e538aadf5c55/mtp/objects/Sparger1/flowRate/TagName/Actual
2182,devices/f67a5705-092b-48a0-a6ee-e538aadf5c55/mtp/objects/Sparger1/flowRate/WQC/Actual
2183,devices/f67a5705-092b-48a0-a6ee-e538aadf5c55/mtp/objects/Sparger1/gasTemp/TagDescription/Actual
2184,devices/f67a5705-092b-48a0-a6ee-e538aadf5c55/mtp/objects/Sparger1/gasTemp/TagName/Actual
2185,devices/f67a5705-092b-48a0-a6ee-e538aadf5c55/mtp/objects/Sparger1/gasTemp/V/Actual
2186,devices/f67a5705-092b-48a0-a6ee-e538aadf5c55/mtp/objects/Sparger1/gasTemp/VSclMax/Actual
2187,devices/f67a5705-092b-48a0-a6ee-e538aadf5c55/mtp/objects/Sparger1/gasTemp/VSclMin/Actual
2188,devices/f67a5705-092b-48a0-a6ee-e538aadf5c55/mtp/objects/Sparger1/gasTemp/VUnit/Actual
2189,devices/f67a5705-092b-48a0-a6ee-e538aadf5c55/mtp/objects/Sparger1/gasTemp/WQC/Actual
2190,devices/f67a5705-092b-48a0-a6ee-e538aadf5c55/mtp/objects/Sparger1/gasType/TagDescription/Actual
2191,devices/f67a5705-092b-48a0-a6ee-e538aadf5c55/mtp/objects/Sparger1/gasType/TagName/Actual
2192,devices/f67a5705-092b-48a0-a6ee-e538aadf5c55/mtp/objects/Sparger1/gasType/Text/Actual
2193,devices/f67a5705-092b-48a0-a6ee-e538aadf5c55/mtp/objects/Sparger1/gasType/WQC/Actual
2194,devices/f67a5705-092b-48a0-a6ee-e538aadf5c55/mtp/objects/Sparger1/interlockSwitch/OSLevel/Actual
2195,devices/f67a5705-092b-48a0-a6ee-e538aadf5c55/mtp/objects/Sparger1/interlockSwitch/SrcChannel/Actual
2196,devices/f67a5705-092b-48a0-a6ee-e538aadf5c55/mtp/objects/Sparger1/interlockSwitch/SrcIntAct/Actual
2197,devices/f67a5705-092b-48a0-a6ee-e538aadf5c55/mtp/objects/Sparger1/interlockSwitch/SrcIntAut/Actual
2198,devices/f67a5705-092b-48a0-a6ee-e538aadf5c55/mtp/objects/Sparger1/interlockSwitch/SrcIntOp/Actual
2199,devices/f67a5705-092b-48a0-a6ee-e538aadf5c55/mtp/objects/Sparger1/interlockSwitch/SrcManAct/Actual
2200,devices/f67a5705-092b-48a0-a6ee-e538aadf5c55/mtp/objects/Sparger1/interlockSwitch/SrcManAut/Actual
2201,devices/f67a5705-092b-48a0-a6ee-e538aadf5c55/mtp/objects/Sparger1/interlockSwitch/SrcManOp/Actual
2202,devices/f67a5705-092b-48a0-a6ee-e538aadf5c55/mtp/objects/Sparger1/interlockSwitch/TagDescription/Actual
2203,devices/f67a5705-092b-48a0-a6ee-e538aadf5c55/mtp/objects/Sparger1/interlockSwitch/TagName/Actual
2204,devices/f67a5705-092b-48a0-a6ee-e538aadf5c55/mtp/objects/Sparger1/interlockSwitch/VFbk/Actual
2205,devices/f67a5705-092b-48a0-a6ee-e538aadf5c55/mtp/objects/Sparger1/interlockSwitch/VInt/Actual
2206,devices/f67a5705-092b-48a0-a6ee-e538aadf5c55/mtp/objects/Sparger1/interlockSwitch/VMan/Actual
2207,devices/f67a5705-092b-48a0-a6ee-e538aadf5c55/mtp/objects/Sparger1/interlockSwitch/VMan/Setpoint
2208,devices/f67a5705-092b-48a0-a6ee-e538aadf5c55/mtp/objects/Sparger1/interlockSwitch/VOut/Actual
2209,devices/f67a5705-092b-48a0-a6ee-e538aadf5c55/mtp/objects/Sparger1/interlockSwitch/VRbk/Actual
2210,devices/f67a5705-092b-48a0-a6ee-e538aadf5c55/mtp/objects/Sparger1/interlockSwitch/VState0/Actual
2211,devices/f67a5705-092b-48a0-a6ee-e538aadf5c55/mtp/objects/Sparger1/interlockSwitch/VState1/Actual
2212,devices/f67a5705-092b-48a0-a6ee-e538aadf5c55/mtp/objects/Sparger1/interlockSwitch/WQC/Actual
2213,devices/f67a5705-092b-48a0-a6ee-e538aadf5c55/mtp/objects/Sparger1/metadata/TagDescription/Actual
2214,devices/f67a5705-092b-48a0-a6ee-e538aadf5c55/mtp/objects/Sparger1/metadata/TagName/Actual
2215,devices/f67a5705-092b-48a0-a6ee-e538aadf5c55/mtp/objects/Sparger1/metadata/Text/Actual
2216,devices/f67a5705-092b-48a0-a6ee-e538aadf5c55/mtp/objects/Sparger1/metadata/WQC/Actual
2217,devices/f67a5705-092b-48a0-a6ee-e538aadf5c55/mtp/objects/Sparger1/moduleIdentificationTrigger/OSLevel/Actual
2218,devices/f67a5705-092b-48a0-a6ee-e538aadf5c55/mtp/objects/Sparger1/moduleIdentificationTrigger/TagDescription/Actual
2219,devices/f67a5705-092b-48a0-a6ee-e538aadf5c55/mtp/objects/Sparger1/moduleIdentificationTrigger/TagName/Actual
2220,devices/f67a5705-092b-48a0-a6ee-e538aadf5c55/mtp/objects/Sparger1/moduleIdentificationTrigger/VFbk/Actual
2221,devices/f67a5705-092b-48a0-a6ee-e538aadf5c55/mtp/objects/Sparger1/moduleIdentificationTrigger/VMan/Actual
2222,devices/f67a5705-092b-48a0-a6ee-e538aadf5c55/mtp/objects/Sparger1/moduleIdentificationTrigger/VOut/Actual
2223,devices/f67a5705-092b-48a0-a6ee-e538aadf5c55/mtp/objects/Sparger1/moduleIdentificationTrigger/VRbk/Actual
2224,devices/f67a5705-092b-48a0-a6ee-e538aadf5c55/mtp/objects/Sparger1/moduleIdentificationTrigger/VState0/Actual
2225,devices/f67a5705-092b-48a0-a6ee-e538aadf5c55/mtp/objects/Sparger1/moduleIdentificationTrigger/VState1/Actual
2226,devices/f67a5705-092b-48a0-a6ee-e538aadf5c55/mtp/objects/Sparger1/protectReset/OSLevel/Actual
2227,devices/f67a5705-092b-48a0-a6ee-e538aadf5c55/mtp/objects/Sparger1/protectReset/SrcChannel/Actual
2228,devices/f67a5705-092b-48a0-a6ee-e538aadf5c55/mtp/objects/Sparger1/protectReset/SrcIntAct/Actual
2229,devices/f67a5705-092b-48a0-a6ee-e538aadf5c55/mtp/objects/Sparger1/protectReset/SrcIntAut/Actual
2230,devices/f67a5705-092b-48a0-a6ee-e538aadf5c55/mtp/objects/Sparger1/protectReset/SrcIntOp/Actual
2231,devices/f67a5705-092b-48a0-a6ee-e538aadf5c55/mtp/objects/Sparger1/protectReset/SrcManAct/Actual
2232,devices/f67a5705-092b-48a0-a6ee-e538aadf5c55/mtp/objects/Sparger1/protectReset/SrcManAut/Actual
2233,devices/f67a5705-092b-48a0-a6ee-e538aadf5c55/mtp/objects/Sparger1/protectReset/SrcManOp/Actual
2234,devices/f67a5705-092b-48a0-a6ee-e538aadf5c55/mtp/objects/Sparger1/protectReset/TagDescription/Actual
2235,devices/f67a5705-092b-48a0-a6ee-e538aadf5c55/mtp/objects/Sparger1/protectReset/TagName/Actual
2236,devices/f67a5705-092b-48a0-a6ee-e538aadf5c55/mtp/objects/Sparger1/protectReset/VFbk/Actual
2237,devices/f67a5705-092b-48a0-a6ee-e538aadf5c55/mtp/objects/Sparger1/protectReset/VInt/Actual
2238,devices/f67a5705-092b-48a0-a6ee-e538aadf5c55/mtp/objects/Sparger1/protectReset/VMan/Actual
2239,devices/f67a5705-092b-48a0-a6ee-e538aadf5c55/mtp/objects/Sparger1/protectReset/VOut/Actual
2240,devices/f67a5705-092b-48a0-a6ee-e538aadf5c55/mtp/objects/Sparger1/protectReset/VRbk/Actual
2241,devices/f67a5705-092b-48a0-a6ee-e538aadf5c55/mtp/objects/Sparger1/protectReset/VState0/Actual
2242,devices/f67a5705-092b-48a0-a6ee-e538aadf5c55/mtp/objects/Sparger1/protectReset/VState1/Actual
2243,devices/f67a5705-092b-48a0-a6ee-e538aadf5c55/mtp/objects/Sparger1/protectReset/WQC/Actual
2244,devices/f67a5705-092b-48a0-a6ee-e538aadf5c55/mtp/objects/Sparger1/resetTotalizer/OSLevel/Actual
2245,devices/f67a5705-092b-48a0-a6ee-e538aadf5c55/mtp/objects/Sparger1/resetTotalizer/SrcChannel/Actual
2246,devices/f67a5705-092b-48a0-a6ee-e538aadf5c55/mtp/objects/Sparger1/resetTotalizer/SrcIntAct/Actual
2247,devices/f67a5705-092b-48a0-a6ee-e538aadf5c55/mtp/objects/Sparger1/resetTotalizer/SrcIntAut/Actual
2248,devices/f67a5705-092b-48a0-a6ee-e538aadf5c55/mtp/objects/Sparger1/resetTotalizer/SrcIntOp/Actual
2249,devices/f67a5705-092b-48a0-a6ee-e538aadf5c55/mtp/objects/Sparger1/resetTotalizer/SrcManAct/Actual
2250,devices/f67a5705-092b-48a0-a6ee-e538aadf5c55/mtp/objects/Sparger1/resetTotalizer/SrcManAut/Actual
2251,devices/f67a5705-092b-48a0-a6ee-e538aadf5c55/mtp/objects/Sparger1/resetTotalizer/SrcManOp/Actual
2252,devices/f67a5705-092b-48a0-a6ee-e538aadf5c55/mtp/objects/Sparger1/resetTotalizer/TagDescription/Actual
2253,devices/f67a5705-092b-48a0-a6ee-e538aadf5c55/mtp/objects/Sparger1/resetTotalizer/TagName/Actual
2254,devices/f67a5705-092b-48a0-a6ee-e538aadf5c55/mtp/objects/Sparger1/resetTotalizer/VFbk/Actual
2255,devices/f67a5705-092b-48a0-a6ee-e538aadf5c55/mtp/objects/Sparger1/resetTotalizer/VInt/Actual
2256,devices/f67a5705-092b-48a0-a6ee-e538aadf5c55/mtp/objects/Sparger1/resetTotalizer/VMan/Actual
2257,devices/f67a5705-092b-48a0-a6ee-e538aadf5c55/mtp/objects/Sparger1/resetTotalizer/VOut/Actual
2258,devices/f67a5705-092b-48a0-a6ee-e538aadf5c55/mtp/objects/Sparger1/resetTotalizer/VRbk/Actual
2259,devices/f67a5705-092b-48a0-a6ee-e538aadf5c55/mtp/objects/Sparger1/resetTotalizer/VState0/Actual
2260,devices/f67a5705-092b-48a0-a6ee-e538aadf5c55/mtp/objects/Sparger1/resetTotalizer/VState1/Actual
2261,devices/f67a5705-092b-48a0-a6ee-e538aadf5c55/mtp/objects/Sparger1/resetTotalizer/WQC/Actual
2262,devices/f67a5705-092b-48a0-a6ee-e538aadf5c55/mtp/objects/Sparger1/safeposEnable/OSLevel/Actual
2263,devices/f67a5705-092b-48a0-a6ee-e538aadf5c55/mtp/objects/Sparger1/safeposEnable/SrcChannel/Actual
2264,devices/f67a5705-092b-48a0-a6ee-e538aadf5c55/mtp/objects/Sparger1/safeposEnable/SrcIntAct/Actual
2265,devices/f67a5705-092b-48a0-a6ee-e538aadf5c55/mtp/objects/Sparger1/safeposEnable/SrcIntAut/Actual
2266,devices/f67a5705-092b-48a0-a6ee-e538aadf5c55/mtp/objects/Sparger1/safeposEnable/SrcIntOp/Actual
2267,devices/f67a5705-092b-48a0-a6ee-e538aadf5c55/mtp/objects/Sparger1/safeposEnable/SrcManAct/Actual
2268,devices/f67a5705-092b-48a0-a6ee-e538aadf5c55/mtp/objects/Sparger1/safeposEnable/SrcManAut/Actual
2269,devices/f67a5705-092b-48a0-a6ee-e538aadf5c55/mtp/objects/Sparger1/safeposEnable/SrcManOp/Actual
2270,devices/f67a5705-092b-48a0-a6ee-e538aadf5c55/mtp/objects/Sparger1/safeposEnable/TagDescription/Actual
2271,devices/f67a5705-092b-48a0-a6ee-e538aadf5c55/mtp/objects/Sparger1/safeposEnable/TagName/Actual
2272,devices/f67a5705-092b-48a0-a6ee-e538aadf5c55/mtp/objects/Sparger1/safeposEnable/VFbk/Actual
2273,devices/f67a5705-092b-48a0-a6ee-e538aadf5c55/mtp/objects/Sparger1/safeposEnable/VInt/Actual
2274,devices/f67a5705-092b-48a0-a6ee-e538aadf5c55/mtp/objects/Sparger1/safeposEnable/VMan/Actual
2275,devices/f67a5705-092b-48a0-a6ee-e538aadf5c55/mtp/objects/Sparger1/safeposEnable/VOut/Actual
2276,devices/f67a5705-092b-48a0-a6ee-e538aadf5c55/mtp/objects/Sparger1/safeposEnable/VRbk/Actual
2277,devices/f67a5705-092b-48a0-a6ee-e538aadf5c55/mtp/objects/Sparger1/safeposEnable/VState0/Actual
2278,devices/f67a5705-092b-48a0-a6ee-e538aadf5c55/mtp/objects/Sparger1/safeposEnable/VState1/Actual
2279,devices/f67a5705-092b-48a0-a6ee-e538aadf5c55/mtp/objects/Sparger1/safeposEnable/WQC/Actual
2280,devices/f67a5705-092b-48a0-a6ee-e538aadf5c55/mtp/objects/Sparger1/safeposSwitch/OSLevel/Actual
2281,devices/f67a5705-092b-48a0-a6ee-e538aadf5c55/mtp/objects/Sparger1/safeposSwitch/SrcChannel/Actual
2282,devices/f67a5705-092b-48a0-a6ee-e538aadf5c55/mtp/objects/Sparger1/safeposSwitch/SrcIntAct/Actual
2283,devices/f67a5705-092b-48a0-a6ee-e538aadf5c55/mtp/objects/Sparger1/safeposSwitch/SrcIntAut/Actual
2284,devices/f67a5705-092b-48a0-a6ee-e538aadf5c55/mtp/objects/Sparger1/safeposSwitch/SrcIntOp/Actual
2285,devices/f67a5705-092b-48a0-a6ee-e538aadf5c55/mtp/objects/Sparger1/safeposSwitch/SrcManAct/Actual
2286,devices/f67a5705-092b-48a0-a6ee-e538aadf5c55/mtp/objects/Sparger1/safeposSwitch/SrcManAut/Actual
2287,devices/f67a5705-092b-48a0-a6ee-e538aadf5c55/mtp/objects/Sparger1/safeposSwitch/SrcManOp/Actual
2288,devices/f67a5705-092b-48a0-a6ee-e538aadf5c55/mtp/objects/Sparger1/safeposSwitch/TagDescription/Actual
2289,devices/f67a5705-092b-48a0-a6ee-e538aadf5c55/mtp/objects/Sparger1/safeposSwitch/TagName/Actual
2290,devices/f67a5705-092b-48a0-a6ee-e538aadf5c55/mtp/objects/Sparger1/safeposSwitch/VFbk/Actual
2291,devices/f67a5705-092b-48a0-a6ee-e538aadf5c55/mtp/objects/Sparger1/safeposSwitch/VInt/Actual
2292,devices/f67a5705-092b-48a0-a6ee-e538aadf5c55/mtp/objects/Sparger1/safeposSwitch/VMan/Actual
2293,devices/f67a5705-092b-48a0-a6ee-e538aadf5c55/mtp/objects/Sparger1/safeposSwitch/VOut/Actual
2294,devices/f67a5705-092b-48a0-a6ee-e538aadf5c55/mtp/objects/Sparger1/safeposSwitch/VRbk/Actual
2295,devices/f67a5705-092b-48a0-a6ee-e538aadf5c55/mtp/objects/Sparger1/safeposSwitch/VState0/Actual
2296,devices/f67a5705-092b-48a0-a6ee-e538aadf5c55/mtp/objects/Sparger1/safeposSwitch/VState1/Actual
2297,devices/f67a5705-092b-48a0-a6ee-e538aadf5c55/mtp/objects/Sparger1/safeposSwitch/WQC/Actual
2298,devices/f67a5705-092b-48a0-a6ee-e538aadf5c55/mtp/objects/Sparger1/status/TagDescription/Actual
2299,devices/f67a5705-092b-48a0-a6ee-e538aadf5c55/mtp/objects/Sparger1/status/TagName/Actual
2300,devices/f67a5705-092b-48a0-a6ee-e538aadf5c55/mtp/objects/Sparger1/status/Text/Actual
2301,devices/f67a5705-092b-48a0-a6ee-e538aadf5c55/mtp/objects/Sparger1/status/WQC/Actual
2302,devices/f67a5705-092b-48a0-a6ee-e538aadf5c55/mtp/objects/Sparger1/tare/OSLevel/Actual
2303,devices/f67a5705-092b-48a0-a6ee-e538aadf5c55/mtp/objects/Sparger1/tare/SrcChannel/Actual
2304,devices/f67a5705-092b-48a0-a6ee-e538aadf5c55/mtp/objects/Sparger1/tare/SrcIntAct/Actual
2305,devices/f67a5705-092b-48a0-a6ee-e538aadf5c55/mtp/objects/Sparger1/tare/SrcIntAut/Actual
2306,devices/f67a5705-092b-48a0-a6ee-e538aadf5c55/mtp/objects/Sparger1/tare/SrcIntOp/Actual
2307,devices/f67a5705-092b-48a0-a6ee-e538aadf5c55/mtp/objects/Sparger1/tare/SrcManAct/Actual
2308,devices/f67a5705-092b-48a0-a6ee-e538aadf5c55/mtp/objects/Sparger1/tare/SrcManAut/Actual
2309,devices/f67a5705-092b-48a0-a6ee-e538aadf5c55/mtp/objects/Sparger1/tare/SrcManOp/Actual
2310,devices/f67a5705-092b-48a0-a6ee-e538aadf5c55/mtp/objects/Sparger1/tare/TagDescription/Actual
2311,devices/f67a5705-092b-48a0-a6ee-e538aadf5c55/mtp/objects/Sparger1/tare/TagName/Actual
2312,devices/f67a5705-092b-48a0-a6ee-e538aadf5c55/mtp/objects/Sparger1/tare/VFbk/Actual
2313,devices/f67a5705-092b-48a0-a6ee-e538aadf5c55/mtp/objects/Sparger1/tare/VInt/Actual
2314,devices/f67a5705-092b-48a0-a6ee-e538aadf5c55/mtp/objects/Sparger1/tare/VMan/Actual
2315,devices/f67a5705-092b-48a0-a6ee-e538aadf5c55/mtp/objects/Sparger1/tare/VOut/Actual
2316,devices/f67a5705-092b-48a0-a6ee-e538aadf5c55/mtp/objects/Sparger1/tare/VRbk/Actual
2317,devices/f67a5705-092b-48a0-a6ee-e538aadf5c55/mtp/objects/Sparger1/tare/VState0/Actual
2318,devices/f67a5705-092b-48a0-a6ee-e538aadf5c55/mtp/objects/Sparger1/tare/VState1/Actual
2319,devices/f67a5705-092b-48a0-a6ee-e538aadf5c55/mtp/objects/Sparger1/tare/WQC/Actual
2320,devices/f67a5705-092b-48a0-a6ee-e538aadf5c55/mtp/objects/Sparger1/totalizer/TagDescription/Actual
2321,devices/f67a5705-092b-48a0-a6ee-e538aadf5c55/mtp/objects/Sparger1/totalizer/TagName/Actual
2322,devices/f67a5705-092b-48a0-a6ee-e538aadf5c55/mtp/objects/Sparger1/totalizer/V/Actual
2323,devices/f67a5705-092b-48a0-a6ee-e538aadf5c55/mtp/objects/Sparger1/totalizer/VSclMax/Actual
2324,devices/f67a5705-092b-48a0-a6ee-e538aadf5c55/mtp/objects/Sparger1/totalizer/VSclMin/Actual
2325,devices/f67a5705-092b-48a0-a6ee-e538aadf5c55/mtp/objects/Sparger1/totalizer/VUnit/Actual
2326,devices/f67a5705-092b-48a0-a6ee-e538aadf5c55/mtp/objects/Sparger1/totalizer/WQC/Actual
2327,devices/f67a5705-092b-48a0-a6ee-e538aadf5c55/mtp/objects/Sparger1/userGasType/OSLevel/Actual
2328,devices/f67a5705-092b-48a0-a6ee-e538aadf5c55/mtp/objects/Sparger1/userGasType/TagDescription/Actual
2329,devices/f67a5705-092b-48a0-a6ee-e538aadf5c55/mtp/objects/Sparger1/userGasType/TagName/Actual
2330,devices/f67a5705-092b-48a0-a6ee-e538aadf5c55/mtp/objects/Sparger1/userGasType/VFbk/Actual
2331,devices/f67a5705-092b-48a0-a6ee-e538aadf5c55/mtp/objects/Sparger1/userGasType/VMan/Actual
2332,devices/f67a5705-092b-48a0-a6ee-e538aadf5c55/mtp/objects/Sparger1/userGasType/VMax/Actual
2333,devices/f67a5705-092b-48a0-a6ee-e538aadf5c55/mtp/objects/Sparger1/userGasType/VMin/Actual
2334,devices/f67a5705-092b-48a0-a6ee-e538aadf5c55/mtp/objects/Sparger1/userGasType/VOut/Actual
2335,devices/f67a5705-092b-48a0-a6ee-e538aadf5c55/mtp/objects/Sparger1/userGasType/VRbk/Actual
2336,devices/f67a5705-092b-48a0-a6ee-e538aadf5c55/mtp/objects/Sparger1/userGasType/VSclMax/Actual
2337,devices/f67a5705-092b-48a0-a6ee-e538aadf5c55/mtp/objects/Sparger1/userGasType/VSclMin/Actual
2338,devices/f67a5705-092b-48a0-a6ee-e538aadf5c55/mtp/objects/Sparger1/userGasType/VUnit/Actual
2339,devices/f67a5705-092b-48a0-a6ee-e538aadf5c55/mtp/objects/Sparger1/valveDrive/TagDescription/Actual
2340,devices/f67a5705-092b-48a0-a6ee-e538aadf5c55/mtp/objects/Sparger1/valveDrive/TagName/Actual
2341,devices/f67a5705-092b-48a0-a6ee-e538aadf5c55/mtp/objects/Sparger1/valveDrive/V/Actual
2342,devices/f67a5705-092b-48a0-a6ee-e538aadf5c55/mtp/objects/Sparger1/valveDrive/VSclMax/Actual
2343,devices/f67a5705-092b-48a0-a6ee-e538aadf5c55/mtp/objects/Sparger1/valveDrive/VSclMin/Actual
2344,devices/f67a5705-092b-48a0-a6ee-e538aadf5c55/mtp/objects/Sparger1/valveDrive/VUnit/Actual
2345,devices/f67a5705-092b-48a0-a6ee-e538aadf5c55/mtp/objects/Sparger1/valveDrive/WQC/Actual
2346,devices/f67a5705-092b-48a0-a6ee-e538aadf5c55/status/connection_status
2347,devices/f67a5705-092b-48a0-a6ee-e538aadf5c55/status/uptime
2348,process/408b2cf2-9a94-4c31-9de9-093b98d241f4/devices
2349,process/92201001-4b27-40ae-8c76-bcdc475a6370/devices
2350,process/9498cbcc-2077-44d2-9fed-ac6698f7a3ed/devices
